1,2016-01-22-46,8.0
2,2016-01-22-46,1.0
3,2016-01-22-46,1.0
4,2016-01-22-46,8.0
5,2016-01-22-46,1.0
6,2016-01-22-46,6.0
7,2016-01-22-46,30.0
8,2016-01-22-46,263.0
9,2016-01-22-46,1.0
10,2016-01-22-46,1.0
11,2016-01-22-46,3.0
12,2016-01-22-46,10.0
13,2016-01-22-46,1.0
14,2016-01-22-46,61.0
15,2016-01-22-46,1.0
16,2016-01-22-46,1.0
17,2016-01-22-46,1.0
18,2016-01-22-46,1.0
19,2016-01-22-46,2.0
20,2016-01-22-46,3.0
21,2016-01-22-46,3.0
22,2016-01-22-46,6.0
23,2016-01-22-46,140.0
24,2016-01-22-46,46.0
25,2016-01-22-46,1.0
26,2016-01-22-46,2.0
27,2016-01-22-46,11.0
28,2016-01-22-46,10.0
29,2016-01-22-46,2.0
30,2016-01-22-46,1.0
31,2016-01-22-46,4.0
32,2016-01-22-46,1.0
33,2016-01-22-46,1.0
34,2016-01-22-46,1.0
35,2016-01-22-46,1.0
36,2016-01-22-46,3.0
37,2016-01-22-46,86.0
38,2016-01-22-46,2.0
39,2016-01-22-46,1.0
40,2016-01-22-46,1.0
41,2016-01-22-46,2.0
42,2016-01-22-46,7.0
43,2016-01-22-46,1.0
44,2016-01-22-46,1.0
45,2016-01-22-46,1.0
46,2016-01-22-46,58.0
47,2016-01-22-46,1.0
48,2016-01-22-46,31.0
49,2016-01-22-46,1.0
50,2016-01-22-46,1.0
51,2016-01-22-46,33.0
52,2016-01-22-46,1.0
53,2016-01-22-46,1.0
54,2016-01-22-46,1.0
55,2016-01-22-46,1.0
56,2016-01-22-46,1.0
57,2016-01-22-46,1.0
58,2016-01-22-46,1.0
59,2016-01-22-46,6.0
60,2016-01-22-46,1.0
61,2016-01-22-46,1.0
62,2016-01-22-46,2.0
63,2016-01-22-46,1.0
64,2016-01-22-46,1.0
65,2016-01-22-46,1.0
66,2016-01-22-46,1.0
1,2016-01-22-58,8.0
2,2016-01-22-58,1.0
3,2016-01-22-58,1.0
4,2016-01-22-58,73.0
5,2016-01-22-58,3.0
6,2016-01-22-58,29.0
7,2016-01-22-58,9.0
8,2016-01-22-58,219.0
9,2016-01-22-58,7.0
10,2016-01-22-58,7.0
11,2016-01-22-58,2.0
12,2016-01-22-58,6.0
13,2016-01-22-58,7.0
14,2016-01-22-58,8.0
15,2016-01-22-58,1.0
16,2016-01-22-58,9.0
17,2016-01-22-58,2.0
18,2016-01-22-58,5.0
19,2016-01-22-58,2.0
20,2016-01-22-58,7.0
21,2016-01-22-58,3.0
22,2016-01-22-58,10.0
23,2016-01-22-58,129.0
24,2016-01-22-58,94.0
25,2016-01-22-58,34.0
26,2016-01-22-58,88.0
27,2016-01-22-58,10.0
28,2016-01-22-58,25.0
29,2016-01-22-58,9.0
30,2016-01-22-58,4.0
31,2016-01-22-58,5.0
32,2016-01-22-58,1.0
33,2016-01-22-58,1.0
34,2016-01-22-58,1.0
35,2016-01-22-58,3.0
36,2016-01-22-58,2.0
37,2016-01-22-58,343.0
38,2016-01-22-58,5.0
39,2016-01-22-58,3.0
40,2016-01-22-58,3.0
41,2016-01-22-58,12.0
42,2016-01-22-58,4.0
43,2016-01-22-58,1.0
44,2016-01-22-58,2.0
45,2016-01-22-58,1.0
46,2016-01-22-58,126.0
47,2016-01-22-58,4.0
48,2016-01-22-58,10.0
49,2016-01-22-58,1.0
50,2016-01-22-58,1.0
51,2016-01-22-58,20.0
52,2016-01-22-58,3.0
53,2016-01-22-58,14.0
54,2016-01-22-58,1.0
55,2016-01-22-58,1.0
56,2016-01-22-58,1.0
57,2016-01-22-58,5.0
58,2016-01-22-58,4.0
59,2016-01-22-58,1.0
60,2016-01-22-58,1.0
61,2016-01-22-58,1.0
62,2016-01-22-58,1.0
63,2016-01-22-58,1.0
64,2016-01-22-58,1.0
65,2016-01-22-58,3.0
66,2016-01-22-58,1.0
1,2016-01-22-70,5.0
2,2016-01-22-70,1.0
3,2016-01-22-70,1.0
4,2016-01-22-70,10.0
5,2016-01-22-70,1.0
6,2016-01-22-70,15.0
7,2016-01-22-70,5.0
8,2016-01-22-70,53.0
9,2016-01-22-70,1.0
10,2016-01-22-70,1.0
11,2016-01-22-70,1.0
12,2016-01-22-70,3.0
13,2016-01-22-70,1.0
14,2016-01-22-70,3.0
15,2016-01-22-70,1.0
16,2016-01-22-70,2.0
17,2016-01-22-70,1.0
18,2016-01-22-70,2.0
19,2016-01-22-70,3.0
20,2016-01-22-70,4.0
21,2016-01-22-70,1.0
22,2016-01-22-70,13.0
23,2016-01-22-70,59.0
24,2016-01-22-70,50.0
25,2016-01-22-70,5.0
26,2016-01-22-70,5.0
27,2016-01-22-70,9.0
28,2016-01-22-70,5.0
29,2016-01-22-70,11.0
30,2016-01-22-70,1.0
31,2016-01-22-70,6.0
32,2016-01-22-70,1.0
33,2016-01-22-70,2.0
34,2016-01-22-70,3.0
35,2016-01-22-70,1.0
36,2016-01-22-70,1.0
37,2016-01-22-70,30.0
38,2016-01-22-70,4.0
39,2016-01-22-70,1.0
40,2016-01-22-70,2.0
41,2016-01-22-70,5.0
42,2016-01-22-70,12.0
43,2016-01-22-70,2.0
44,2016-01-22-70,1.0
45,2016-01-22-70,1.0
46,2016-01-22-70,38.0
47,2016-01-22-70,5.0
48,2016-01-22-70,8.0
49,2016-01-22-70,1.0
50,2016-01-22-70,1.0
51,2016-01-22-70,14.0
52,2016-01-22-70,1.0
53,2016-01-22-70,5.0
54,2016-01-22-70,1.0
55,2016-01-22-70,2.0
56,2016-01-22-70,1.0
57,2016-01-22-70,1.0
58,2016-01-22-70,1.0
59,2016-01-22-70,1.0
60,2016-01-22-70,1.0
61,2016-01-22-70,1.0
62,2016-01-22-70,1.0
63,2016-01-22-70,1.0
64,2016-01-22-70,1.0
65,2016-01-22-70,1.0
66,2016-01-22-70,1.0
1,2016-01-22-82,5.0
2,2016-01-22-82,1.0
3,2016-01-22-82,1.0
4,2016-01-22-82,15.0
5,2016-01-22-82,1.0
6,2016-01-22-82,14.0
7,2016-01-22-82,53.0
8,2016-01-22-82,109.0
9,2016-01-22-82,3.0
10,2016-01-22-82,2.0
11,2016-01-22-82,2.0
12,2016-01-22-82,6.0
13,2016-01-22-82,1.0
14,2016-01-22-82,4.0
15,2016-01-22-82,1.0
16,2016-01-22-82,5.0
17,2016-01-22-82,1.0
18,2016-01-22-82,6.0
19,2016-01-22-82,2.0
20,2016-01-22-82,6.0
21,2016-01-22-82,3.0
22,2016-01-22-82,12.0
23,2016-01-22-82,32.0
24,2016-01-22-82,45.0
25,2016-01-22-82,1.0
26,2016-01-22-82,23.0
27,2016-01-22-82,13.0
28,2016-01-22-82,5.0
29,2016-01-22-82,5.0
30,2016-01-22-82,1.0
31,2016-01-22-82,1.0
32,2016-01-22-82,1.0
33,2016-01-22-82,8.0
34,2016-01-22-82,1.0
35,2016-01-22-82,13.0
36,2016-01-22-82,2.0
37,2016-01-22-82,84.0
38,2016-01-22-82,1.0
39,2016-01-22-82,1.0
40,2016-01-22-82,2.0
41,2016-01-22-82,1.0
42,2016-01-22-82,3.0
43,2016-01-22-82,1.0
44,2016-01-22-82,1.0
45,2016-01-22-82,7.0
46,2016-01-22-82,5.0
47,2016-01-22-82,6.0
48,2016-01-22-82,12.0
49,2016-01-22-82,1.0
50,2016-01-22-82,1.0
51,2016-01-22-82,23.0
52,2016-01-22-82,1.0
53,2016-01-22-82,3.0
54,2016-01-22-82,1.0
55,2016-01-22-82,1.0
56,2016-01-22-82,1.0
57,2016-01-22-82,1.0
58,2016-01-22-82,5.0
59,2016-01-22-82,1.0
60,2016-01-22-82,1.0
61,2016-01-22-82,1.0
62,2016-01-22-82,1.0
63,2016-01-22-82,1.0
64,2016-01-22-82,1.0
65,2016-01-22-82,2.0
66,2016-01-22-82,1.0
1,2016-01-22-94,5.0
2,2016-01-22-94,1.0
3,2016-01-22-94,1.0
4,2016-01-22-94,9.0
5,2016-01-22-94,1.0
6,2016-01-22-94,2.0
7,2016-01-22-94,143.0
8,2016-01-22-94,107.0
9,2016-01-22-94,2.0
10,2016-01-22-94,1.0
11,2016-01-22-94,1.0
12,2016-01-22-94,4.0
13,2016-01-22-94,1.0
14,2016-01-22-94,9.0
15,2016-01-22-94,1.0
16,2016-01-22-94,1.0
17,2016-01-22-94,1.0
18,2016-01-22-94,3.0
19,2016-01-22-94,2.0
20,2016-01-22-94,4.0
21,2016-01-22-94,2.0
22,2016-01-22-94,17.0
23,2016-01-22-94,45.0
24,2016-01-22-94,14.0
25,2016-01-22-94,1.0
26,2016-01-22-94,11.0
27,2016-01-22-94,11.0
28,2016-01-22-94,5.0
29,2016-01-22-94,1.0
30,2016-01-22-94,1.0
31,2016-01-22-94,1.0
32,2016-01-22-94,1.0
33,2016-01-22-94,1.0
34,2016-01-22-94,1.0
35,2016-01-22-94,2.0
36,2016-01-22-94,1.0
37,2016-01-22-94,54.0
38,2016-01-22-94,1.0
39,2016-01-22-94,1.0
40,2016-01-22-94,1.0
41,2016-01-22-94,2.0
42,2016-01-22-94,3.0
43,2016-01-22-94,2.0
44,2016-01-22-94,1.0
45,2016-01-22-94,1.0
46,2016-01-22-94,5.0
47,2016-01-22-94,1.0
48,2016-01-22-94,109.0
49,2016-01-22-94,1.0
50,2016-01-22-94,1.0
51,2016-01-22-94,164.0
52,2016-01-22-94,1.0
53,2016-01-22-94,1.0
54,2016-01-22-94,1.0
55,2016-01-22-94,1.0
56,2016-01-22-94,1.0
57,2016-01-22-94,1.0
58,2016-01-22-94,2.0
59,2016-01-22-94,1.0
60,2016-01-22-94,1.0
61,2016-01-22-94,1.0
62,2016-01-22-94,1.0
63,2016-01-22-94,1.0
64,2016-01-22-94,1.0
65,2016-01-22-94,1.0
66,2016-01-22-94,1.0
1,2016-01-22-106,9.0
2,2016-01-22-106,2.0
3,2016-01-22-106,4.0
4,2016-01-22-106,13.0
5,2016-01-22-106,1.0
6,2016-01-22-106,1.0
7,2016-01-22-106,557.0
8,2016-01-22-106,319.0
9,2016-01-22-106,2.0
10,2016-01-22-106,1.0
11,2016-01-22-106,2.0
12,2016-01-22-106,11.0
13,2016-01-22-106,1.0
14,2016-01-22-106,65.0
15,2016-01-22-106,1.0
16,2016-01-22-106,1.0
17,2016-01-22-106,1.0
18,2016-01-22-106,2.0
19,2016-01-22-106,5.0
20,2016-01-22-106,13.0
21,2016-01-22-106,8.0
22,2016-01-22-106,26.0
23,2016-01-22-106,198.0
24,2016-01-22-106,4.0
25,2016-01-22-106,2.0
26,2016-01-22-106,40.0
27,2016-01-22-106,16.0
28,2016-01-22-106,39.0
29,2016-01-22-106,8.0
30,2016-01-22-106,1.0
31,2016-01-22-106,2.0
32,2016-01-22-106,1.0
33,2016-01-22-106,2.0
34,2016-01-22-106,1.0
35,2016-01-22-106,19.0
36,2016-01-22-106,3.0
37,2016-01-22-106,206.0
38,2016-01-22-106,1.0
39,2016-01-22-106,1.0
40,2016-01-22-106,1.0
41,2016-01-22-106,1.0
42,2016-01-22-106,5.0
43,2016-01-22-106,4.0
44,2016-01-22-106,2.0
45,2016-01-22-106,1.0
46,2016-01-22-106,10.0
47,2016-01-22-106,1.0
48,2016-01-22-106,369.0
49,2016-01-22-106,1.0
50,2016-01-22-106,1.0
51,2016-01-22-106,873.0
52,2016-01-22-106,1.0
53,2016-01-22-106,8.0
54,2016-01-22-106,1.0
55,2016-01-22-106,1.0
56,2016-01-22-106,1.0
57,2016-01-22-106,1.0
58,2016-01-22-106,1.0
59,2016-01-22-106,1.0
60,2016-01-22-106,1.0
61,2016-01-22-106,1.0
62,2016-01-22-106,2.0
63,2016-01-22-106,1.0
64,2016-01-22-106,1.0
65,2016-01-22-106,1.0
66,2016-01-22-106,2.0
1,2016-01-22-118,7.0
2,2016-01-22-118,3.0
3,2016-01-22-118,1.0
4,2016-01-22-118,20.0
5,2016-01-22-118,1.0
6,2016-01-22-118,1.0
7,2016-01-22-118,47.0
8,2016-01-22-118,48.0
9,2016-01-22-118,3.0
10,2016-01-22-118,1.0
11,2016-01-22-118,1.0
12,2016-01-22-118,6.0
13,2016-01-22-118,1.0
14,2016-01-22-118,6.0
15,2016-01-22-118,5.0
16,2016-01-22-118,1.0
17,2016-01-22-118,1.0
18,2016-01-22-118,1.0
19,2016-01-22-118,2.0
20,2016-01-22-118,9.0
21,2016-01-22-118,3.0
22,2016-01-22-118,22.0
23,2016-01-22-118,17.0
24,2016-01-22-118,3.0
25,2016-01-22-118,2.0
26,2016-01-22-118,102.0
27,2016-01-22-118,7.0
28,2016-01-22-118,16.0
29,2016-01-22-118,1.0
30,2016-01-22-118,1.0
31,2016-01-22-118,3.0
32,2016-01-22-118,1.0
33,2016-01-22-118,1.0
34,2016-01-22-118,1.0
35,2016-01-22-118,12.0
36,2016-01-22-118,1.0
37,2016-01-22-118,7.0
38,2016-01-22-118,1.0
39,2016-01-22-118,1.0
40,2016-01-22-118,1.0
41,2016-01-22-118,1.0
42,2016-01-22-118,4.0
43,2016-01-22-118,2.0
44,2016-01-22-118,1.0
45,2016-01-22-118,1.0
46,2016-01-22-118,6.0
47,2016-01-22-118,1.0
48,2016-01-22-118,25.0
49,2016-01-22-118,1.0
50,2016-01-22-118,1.0
51,2016-01-22-118,126.0
52,2016-01-22-118,1.0
53,2016-01-22-118,3.0
54,2016-01-22-118,1.0
55,2016-01-22-118,1.0
56,2016-01-22-118,1.0
57,2016-01-22-118,1.0
58,2016-01-22-118,1.0
59,2016-01-22-118,1.0
60,2016-01-22-118,1.0
61,2016-01-22-118,1.0
62,2016-01-22-118,3.0
63,2016-01-22-118,1.0
64,2016-01-22-118,1.0
65,2016-01-22-118,1.0
66,2016-01-22-118,1.0
1,2016-01-22-130,7.0
2,2016-01-22-130,2.0
3,2016-01-22-130,1.0
4,2016-01-22-130,8.0
5,2016-01-22-130,1.0
6,2016-01-22-130,1.0
7,2016-01-22-130,149.0
8,2016-01-22-130,190.0
9,2016-01-22-130,2.0
10,2016-01-22-130,1.0
11,2016-01-22-130,1.0
12,2016-01-22-130,8.0
13,2016-01-22-130,1.0
14,2016-01-22-130,11.0
15,2016-01-22-130,1.0
16,2016-01-22-130,1.0
17,2016-01-22-130,1.0
18,2016-01-22-130,1.0
19,2016-01-22-130,3.0
20,2016-01-22-130,12.0
21,2016-01-22-130,5.0
22,2016-01-22-130,14.0
23,2016-01-22-130,113.0
24,2016-01-22-130,5.0
25,2016-01-22-130,1.0
26,2016-01-22-130,5.0
27,2016-01-22-130,4.0
28,2016-01-22-130,164.0
29,2016-01-22-130,1.0
30,2016-01-22-130,1.0
31,2016-01-22-130,1.0
32,2016-01-22-130,1.0
33,2016-01-22-130,1.0
34,2016-01-22-130,1.0
35,2016-01-22-130,2.0
36,2016-01-22-130,1.0
37,2016-01-22-130,35.0
38,2016-01-22-130,4.0
39,2016-01-22-130,4.0
40,2016-01-22-130,1.0
41,2016-01-22-130,1.0
42,2016-01-22-130,3.0
43,2016-01-22-130,1.0
44,2016-01-22-130,1.0
45,2016-01-22-130,1.0
46,2016-01-22-130,8.0
47,2016-01-22-130,1.0
48,2016-01-22-130,155.0
49,2016-01-22-130,1.0
50,2016-01-22-130,1.0
51,2016-01-22-130,737.0
52,2016-01-22-130,1.0
53,2016-01-22-130,2.0
54,2016-01-22-130,1.0
55,2016-01-22-130,1.0
56,2016-01-22-130,3.0
57,2016-01-22-130,1.0
58,2016-01-22-130,1.0
59,2016-01-22-130,2.0
60,2016-01-22-130,4.0
61,2016-01-22-130,1.0
62,2016-01-22-130,4.0
63,2016-01-22-130,1.0
64,2016-01-22-130,1.0
65,2016-01-22-130,1.0
66,2016-01-22-130,1.0
1,2016-01-22-142,9.0
2,2016-01-22-142,2.0
3,2016-01-22-142,1.0
4,2016-01-22-142,1.0
5,2016-01-22-142,1.0
6,2016-01-22-142,1.0
7,2016-01-22-142,7.0
8,2016-01-22-142,13.0
9,2016-01-22-142,2.0
10,2016-01-22-142,2.0
11,2016-01-22-142,1.0
12,2016-01-22-142,17.0
13,2016-01-22-142,2.0
14,2016-01-22-142,7.0
15,2016-01-22-142,1.0
16,2016-01-22-142,1.0
17,2016-01-22-142,2.0
18,2016-01-22-142,3.0
19,2016-01-22-142,3.0
20,2016-01-22-142,3.0
21,2016-01-22-142,2.0
22,2016-01-22-142,17.0
23,2016-01-22-142,20.0
24,2016-01-22-142,2.0
25,2016-01-22-142,2.0
26,2016-01-22-142,3.0
27,2016-01-22-142,6.0
28,2016-01-22-142,23.0
29,2016-01-22-142,1.0
30,2016-01-22-142,1.0
31,2016-01-22-142,3.0
32,2016-01-22-142,1.0
33,2016-01-22-142,2.0
34,2016-01-22-142,1.0
35,2016-01-22-142,1.0
36,2016-01-22-142,1.0
37,2016-01-22-142,6.0
38,2016-01-22-142,1.0
39,2016-01-22-142,2.0
40,2016-01-22-142,3.0
41,2016-01-22-142,1.0
42,2016-01-22-142,49.0
43,2016-01-22-142,1.0
44,2016-01-22-142,1.0
45,2016-01-22-142,1.0
46,2016-01-22-142,3.0
47,2016-01-22-142,2.0
48,2016-01-22-142,41.0
49,2016-01-22-142,1.0
50,2016-01-22-142,1.0
51,2016-01-22-142,225.0
52,2016-01-22-142,1.0
53,2016-01-22-142,1.0
54,2016-01-22-142,1.0
55,2016-01-22-142,1.0
56,2016-01-22-142,1.0
57,2016-01-22-142,1.0
58,2016-01-22-142,1.0
59,2016-01-22-142,1.0
60,2016-01-22-142,1.0
61,2016-01-22-142,1.0
62,2016-01-22-142,2.0
63,2016-01-22-142,1.0
64,2016-01-22-142,1.0
65,2016-01-22-142,1.0
66,2016-01-22-142,2.0
1,2016-01-24-58,4.0
2,2016-01-24-58,1.0
3,2016-01-24-58,1.0
4,2016-01-24-58,2.0
5,2016-01-24-58,1.0
6,2016-01-24-58,10.0
7,2016-01-24-58,22.0
8,2016-01-24-58,60.0
9,2016-01-24-58,2.0
10,2016-01-24-58,1.0
11,2016-01-24-58,2.0
12,2016-01-24-58,3.0
13,2016-01-24-58,2.0
14,2016-01-24-58,9.0
15,2016-01-24-58,1.0
16,2016-01-24-58,1.0
17,2016-01-24-58,1.0
18,2016-01-24-58,3.0
19,2016-01-24-58,3.0
20,2016-01-24-58,4.0
21,2016-01-24-58,2.0
22,2016-01-24-58,11.0
23,2016-01-24-58,52.0
24,2016-01-24-58,64.0
25,2016-01-24-58,1.0
26,2016-01-24-58,5.0
27,2016-01-24-58,13.0
28,2016-01-24-58,4.0
29,2016-01-24-58,14.0
30,2016-01-24-58,1.0
31,2016-01-24-58,7.0
32,2016-01-24-58,1.0
33,2016-01-24-58,1.0
34,2016-01-24-58,1.0
35,2016-01-24-58,3.0
36,2016-01-24-58,1.0
37,2016-01-24-58,41.0
38,2016-01-24-58,2.0
39,2016-01-24-58,1.0
40,2016-01-24-58,3.0
41,2016-01-24-58,6.0
42,2016-01-24-58,14.0
43,2016-01-24-58,1.0
44,2016-01-24-58,1.0
45,2016-01-24-58,1.0
46,2016-01-24-58,56.0
47,2016-01-24-58,2.0
48,2016-01-24-58,9.0
49,2016-01-24-58,5.0
50,2016-01-24-58,1.0
51,2016-01-24-58,16.0
52,2016-01-24-58,1.0
53,2016-01-24-58,4.0
54,2016-01-24-58,1.0
55,2016-01-24-58,1.0
56,2016-01-24-58,1.0
57,2016-01-24-58,1.0
58,2016-01-24-58,1.0
59,2016-01-24-58,1.0
60,2016-01-24-58,1.0
61,2016-01-24-58,1.0
62,2016-01-24-58,1.0
63,2016-01-24-58,1.0
64,2016-01-24-58,1.0
65,2016-01-24-58,2.0
66,2016-01-24-58,1.0
1,2016-01-24-70,6.0
2,2016-01-24-70,1.0
3,2016-01-24-70,1.0
4,2016-01-24-70,7.0
5,2016-01-24-70,2.0
6,2016-01-24-70,8.0
7,2016-01-24-70,17.0
8,2016-01-24-70,93.0
9,2016-01-24-70,6.0
10,2016-01-24-70,1.0
11,2016-01-24-70,2.0
12,2016-01-24-70,9.0
13,2016-01-24-70,4.0
14,2016-01-24-70,27.0
15,2016-01-24-70,1.0
16,2016-01-24-70,3.0
17,2016-01-24-70,2.0
18,2016-01-24-70,3.0
19,2016-01-24-70,2.0
20,2016-01-24-70,18.0
21,2016-01-24-70,3.0
22,2016-01-24-70,12.0
23,2016-01-24-70,64.0
24,2016-01-24-70,70.0
25,2016-01-24-70,1.0
26,2016-01-24-70,30.0
27,2016-01-24-70,17.0
28,2016-01-24-70,13.0
29,2016-01-24-70,12.0
30,2016-01-24-70,3.0
31,2016-01-24-70,1.0
32,2016-01-24-70,1.0
33,2016-01-24-70,1.0
34,2016-01-24-70,3.0
35,2016-01-24-70,1.0
36,2016-01-24-70,2.0
37,2016-01-24-70,132.0
38,2016-01-24-70,7.0
39,2016-01-24-70,2.0
40,2016-01-24-70,3.0
41,2016-01-24-70,5.0
42,2016-01-24-70,7.0
43,2016-01-24-70,1.0
44,2016-01-24-70,1.0
45,2016-01-24-70,3.0
46,2016-01-24-70,111.0
47,2016-01-24-70,4.0
48,2016-01-24-70,6.0
49,2016-01-24-70,1.0
50,2016-01-24-70,2.0
51,2016-01-24-70,18.0
52,2016-01-24-70,1.0
53,2016-01-24-70,3.0
54,2016-01-24-70,1.0
55,2016-01-24-70,2.0
56,2016-01-24-70,2.0
57,2016-01-24-70,1.0
58,2016-01-24-70,2.0
59,2016-01-24-70,1.0
60,2016-01-24-70,1.0
61,2016-01-24-70,1.0
62,2016-01-24-70,2.0
63,2016-01-24-70,1.0
64,2016-01-24-70,1.0
65,2016-01-24-70,1.0
66,2016-01-24-70,1.0
1,2016-01-24-82,5.0
2,2016-01-24-82,1.0
3,2016-01-24-82,1.0
4,2016-01-24-82,11.0
5,2016-01-24-82,2.0
6,2016-01-24-82,3.0
7,2016-01-24-82,25.0
8,2016-01-24-82,71.0
9,2016-01-24-82,1.0
10,2016-01-24-82,1.0
11,2016-01-24-82,2.0
12,2016-01-24-82,4.0
13,2016-01-24-82,1.0
14,2016-01-24-82,5.0
15,2016-01-24-82,1.0
16,2016-01-24-82,1.0
17,2016-01-24-82,1.0
18,2016-01-24-82,1.0
19,2016-01-24-82,3.0
20,2016-01-24-82,3.0
21,2016-01-24-82,2.0
22,2016-01-24-82,9.0
23,2016-01-24-82,37.0
24,2016-01-24-82,17.0
25,2016-01-24-82,3.0
26,2016-01-24-82,9.0
27,2016-01-24-82,13.0
28,2016-01-24-82,8.0
29,2016-01-24-82,6.0
30,2016-01-24-82,1.0
31,2016-01-24-82,3.0
32,2016-01-24-82,1.0
33,2016-01-24-82,1.0
34,2016-01-24-82,2.0
35,2016-01-24-82,1.0
36,2016-01-24-82,2.0
37,2016-01-24-82,52.0
38,2016-01-24-82,3.0
39,2016-01-24-82,1.0
40,2016-01-24-82,2.0
41,2016-01-24-82,1.0
42,2016-01-24-82,3.0
43,2016-01-24-82,2.0
44,2016-01-24-82,1.0
45,2016-01-24-82,5.0
46,2016-01-24-82,37.0
47,2016-01-24-82,4.0
48,2016-01-24-82,18.0
49,2016-01-24-82,1.0
50,2016-01-24-82,1.0
51,2016-01-24-82,22.0
52,2016-01-24-82,1.0
53,2016-01-24-82,1.0
54,2016-01-24-82,1.0
55,2016-01-24-82,1.0
56,2016-01-24-82,1.0
57,2016-01-24-82,1.0
58,2016-01-24-82,1.0
59,2016-01-24-82,3.0
60,2016-01-24-82,1.0
61,2016-01-24-82,1.0
62,2016-01-24-82,1.0
63,2016-01-24-82,2.0
64,2016-01-24-82,1.0
65,2016-01-24-82,1.0
66,2016-01-24-82,1.0
1,2016-01-24-94,7.0
2,2016-01-24-94,1.0
3,2016-01-24-94,1.0
4,2016-01-24-94,4.0
5,2016-01-24-94,1.0
6,2016-01-24-94,1.0
7,2016-01-24-94,11.0
8,2016-01-24-94,20.0
9,2016-01-24-94,3.0
10,2016-01-24-94,2.0
11,2016-01-24-94,1.0
12,2016-01-24-94,6.0
13,2016-01-24-94,1.0
14,2016-01-24-94,5.0
15,2016-01-24-94,1.0
16,2016-01-24-94,1.0
17,2016-01-24-94,1.0
18,2016-01-24-94,1.0
19,2016-01-24-94,2.0
20,2016-01-24-94,5.0
21,2016-01-24-94,2.0
22,2016-01-24-94,13.0
23,2016-01-24-94,15.0
24,2016-01-24-94,3.0
25,2016-01-24-94,1.0
26,2016-01-24-94,4.0
27,2016-01-24-94,20.0
28,2016-01-24-94,8.0
29,2016-01-24-94,2.0
30,2016-01-24-94,1.0
31,2016-01-24-94,1.0
32,2016-01-24-94,1.0
33,2016-01-24-94,1.0
34,2016-01-24-94,1.0
35,2016-01-24-94,2.0
36,2016-01-24-94,2.0
37,2016-01-24-94,8.0
38,2016-01-24-94,1.0
39,2016-01-24-94,1.0
40,2016-01-24-94,1.0
41,2016-01-24-94,1.0
42,2016-01-24-94,6.0
43,2016-01-24-94,1.0
44,2016-01-24-94,1.0
45,2016-01-24-94,1.0
46,2016-01-24-94,4.0
47,2016-01-24-94,1.0
48,2016-01-24-94,40.0
49,2016-01-24-94,1.0
50,2016-01-24-94,1.0
51,2016-01-24-94,31.0
52,2016-01-24-94,1.0
53,2016-01-24-94,1.0
54,2016-01-24-94,1.0
55,2016-01-24-94,1.0
56,2016-01-24-94,1.0
57,2016-01-24-94,1.0
58,2016-01-24-94,2.0
59,2016-01-24-94,1.0
60,2016-01-24-94,1.0
61,2016-01-24-94,1.0
62,2016-01-24-94,1.0
63,2016-01-24-94,1.0
64,2016-01-24-94,1.0
65,2016-01-24-94,1.0
66,2016-01-24-94,1.0
1,2016-01-24-106,13.0
2,2016-01-24-106,2.0
3,2016-01-24-106,2.0
4,2016-01-24-106,5.0
5,2016-01-24-106,1.0
6,2016-01-24-106,2.0
7,2016-01-24-106,16.0
8,2016-01-24-106,26.0
9,2016-01-24-106,2.0
10,2016-01-24-106,1.0
11,2016-01-24-106,1.0
12,2016-01-24-106,12.0
13,2016-01-24-106,2.0
14,2016-01-24-106,4.0
15,2016-01-24-106,1.0
16,2016-01-24-106,2.0
17,2016-01-24-106,1.0
18,2016-01-24-106,1.0
19,2016-01-24-106,3.0
20,2016-01-24-106,4.0
21,2016-01-24-106,6.0
22,2016-01-24-106,25.0
23,2016-01-24-106,25.0
24,2016-01-24-106,5.0
25,2016-01-24-106,3.0
26,2016-01-24-106,2.0
27,2016-01-24-106,10.0
28,2016-01-24-106,12.0
29,2016-01-24-106,4.0
30,2016-01-24-106,1.0
31,2016-01-24-106,1.0
32,2016-01-24-106,1.0
33,2016-01-24-106,1.0
34,2016-01-24-106,1.0
35,2016-01-24-106,1.0
36,2016-01-24-106,1.0
37,2016-01-24-106,10.0
38,2016-01-24-106,1.0
39,2016-01-24-106,2.0
40,2016-01-24-106,2.0
41,2016-01-24-106,1.0
42,2016-01-24-106,6.0
43,2016-01-24-106,1.0
44,2016-01-24-106,1.0
45,2016-01-24-106,1.0
46,2016-01-24-106,6.0
47,2016-01-24-106,1.0
48,2016-01-24-106,213.0
49,2016-01-24-106,1.0
50,2016-01-24-106,1.0
51,2016-01-24-106,150.0
52,2016-01-24-106,1.0
53,2016-01-24-106,1.0
54,2016-01-24-106,1.0
55,2016-01-24-106,1.0
56,2016-01-24-106,1.0
57,2016-01-24-106,1.0
58,2016-01-24-106,1.0
59,2016-01-24-106,1.0
60,2016-01-24-106,1.0
61,2016-01-24-106,1.0
62,2016-01-24-106,4.0
63,2016-01-24-106,1.0
64,2016-01-24-106,1.0
65,2016-01-24-106,1.0
66,2016-01-24-106,1.0
1,2016-01-24-118,9.0
2,2016-01-24-118,1.0
3,2016-01-24-118,1.0
4,2016-01-24-118,4.0
5,2016-01-24-118,1.0
6,2016-01-24-118,1.0
7,2016-01-24-118,9.0
8,2016-01-24-118,13.0
9,2016-01-24-118,3.0
10,2016-01-24-118,3.0
11,2016-01-24-118,1.0
12,2016-01-24-118,5.0
13,2016-01-24-118,1.0
14,2016-01-24-118,5.0
15,2016-01-24-118,1.0
16,2016-01-24-118,1.0
17,2016-01-24-118,1.0
18,2016-01-24-118,1.0
19,2016-01-24-118,2.0
20,2016-01-24-118,4.0
21,2016-01-24-118,4.0
22,2016-01-24-118,22.0
23,2016-01-24-118,15.0
24,2016-01-24-118,8.0
25,2016-01-24-118,1.0
26,2016-01-24-118,1.0
27,2016-01-24-118,6.0
28,2016-01-24-118,9.0
29,2016-01-24-118,2.0
30,2016-01-24-118,1.0
31,2016-01-24-118,5.0
32,2016-01-24-118,1.0
33,2016-01-24-118,1.0
34,2016-01-24-118,1.0
35,2016-01-24-118,1.0
36,2016-01-24-118,1.0
37,2016-01-24-118,4.0
38,2016-01-24-118,1.0
39,2016-01-24-118,2.0
40,2016-01-24-118,1.0
41,2016-01-24-118,1.0
42,2016-01-24-118,4.0
43,2016-01-24-118,1.0
44,2016-01-24-118,1.0
45,2016-01-24-118,1.0
46,2016-01-24-118,5.0
47,2016-01-24-118,3.0
48,2016-01-24-118,10.0
49,2016-01-24-118,2.0
50,2016-01-24-118,1.0
51,2016-01-24-118,58.0
52,2016-01-24-118,1.0
53,2016-01-24-118,1.0
54,2016-01-24-118,1.0
55,2016-01-24-118,1.0
56,2016-01-24-118,3.0
57,2016-01-24-118,1.0
58,2016-01-24-118,2.0
59,2016-01-24-118,1.0
60,2016-01-24-118,1.0
61,2016-01-24-118,1.0
62,2016-01-24-118,1.0
63,2016-01-24-118,3.0
64,2016-01-24-118,1.0
65,2016-01-24-118,3.0
66,2016-01-24-118,1.0
1,2016-01-24-130,10.0
2,2016-01-24-130,1.0
3,2016-01-24-130,1.0
4,2016-01-24-130,21.0
5,2016-01-24-130,1.0
6,2016-01-24-130,1.0
7,2016-01-24-130,14.0
8,2016-01-24-130,68.0
9,2016-01-24-130,2.0
10,2016-01-24-130,1.0
11,2016-01-24-130,2.0
12,2016-01-24-130,7.0
13,2016-01-24-130,1.0
14,2016-01-24-130,3.0
15,2016-01-24-130,1.0
16,2016-01-24-130,1.0
17,2016-01-24-130,1.0
18,2016-01-24-130,2.0
19,2016-01-24-130,5.0
20,2016-01-24-130,3.0
21,2016-01-24-130,2.0
22,2016-01-24-130,15.0
23,2016-01-24-130,141.0
24,2016-01-24-130,11.0
25,2016-01-24-130,1.0
26,2016-01-24-130,2.0
27,2016-01-24-130,8.0
28,2016-01-24-130,16.0
29,2016-01-24-130,2.0
30,2016-01-24-130,1.0
31,2016-01-24-130,1.0
32,2016-01-24-130,1.0
33,2016-01-24-130,1.0
34,2016-01-24-130,2.0
35,2016-01-24-130,1.0
36,2016-01-24-130,1.0
37,2016-01-24-130,14.0
38,2016-01-24-130,1.0
39,2016-01-24-130,6.0
40,2016-01-24-130,5.0
41,2016-01-24-130,6.0
42,2016-01-24-130,6.0
43,2016-01-24-130,4.0
44,2016-01-24-130,1.0
45,2016-01-24-130,1.0
46,2016-01-24-130,5.0
47,2016-01-24-130,1.0
48,2016-01-24-130,51.0
49,2016-01-24-130,1.0
50,2016-01-24-130,1.0
51,2016-01-24-130,577.0
52,2016-01-24-130,1.0
53,2016-01-24-130,1.0
54,2016-01-24-130,1.0
55,2016-01-24-130,1.0
56,2016-01-24-130,5.0
57,2016-01-24-130,1.0
58,2016-01-24-130,1.0
59,2016-01-24-130,1.0
60,2016-01-24-130,1.0
61,2016-01-24-130,1.0
62,2016-01-24-130,4.0
63,2016-01-24-130,1.0
64,2016-01-24-130,1.0
65,2016-01-24-130,1.0
66,2016-01-24-130,1.0
1,2016-01-24-142,10.0
2,2016-01-24-142,1.0
3,2016-01-24-142,3.0
4,2016-01-24-142,2.0
5,2016-01-24-142,1.0
6,2016-01-24-142,1.0
7,2016-01-24-142,5.0
8,2016-01-24-142,7.0
9,2016-01-24-142,2.0
10,2016-01-24-142,1.0
11,2016-01-24-142,1.0
12,2016-01-24-142,5.0
13,2016-01-24-142,1.0
14,2016-01-24-142,4.0
15,2016-01-24-142,1.0
16,2016-01-24-142,1.0
17,2016-01-24-142,1.0
18,2016-01-24-142,7.0
19,2016-01-24-142,3.0
20,2016-01-24-142,4.0
21,2016-01-24-142,1.0
22,2016-01-24-142,10.0
23,2016-01-24-142,19.0
24,2016-01-24-142,4.0
25,2016-01-24-142,3.0
26,2016-01-24-142,1.0
27,2016-01-24-142,13.0
28,2016-01-24-142,22.0
29,2016-01-24-142,2.0
30,2016-01-24-142,1.0
31,2016-01-24-142,4.0
32,2016-01-24-142,1.0
33,2016-01-24-142,2.0
34,2016-01-24-142,1.0
35,2016-01-24-142,1.0
36,2016-01-24-142,1.0
37,2016-01-24-142,3.0
38,2016-01-24-142,1.0
39,2016-01-24-142,1.0
40,2016-01-24-142,1.0
41,2016-01-24-142,1.0
42,2016-01-24-142,2.0
43,2016-01-24-142,3.0
44,2016-01-24-142,1.0
45,2016-01-24-142,1.0
46,2016-01-24-142,3.0
47,2016-01-24-142,1.0
48,2016-01-24-142,17.0
49,2016-01-24-142,1.0
50,2016-01-24-142,1.0
51,2016-01-24-142,48.0
52,2016-01-24-142,1.0
53,2016-01-24-142,2.0
54,2016-01-24-142,2.0
55,2016-01-24-142,4.0
56,2016-01-24-142,1.0
57,2016-01-24-142,1.0
58,2016-01-24-142,1.0
59,2016-01-24-142,2.0
60,2016-01-24-142,1.0
61,2016-01-24-142,1.0
62,2016-01-24-142,1.0
63,2016-01-24-142,1.0
64,2016-01-24-142,1.0
65,2016-01-24-142,1.0
66,2016-01-24-142,1.0
1,2016-01-26-46,5.0
2,2016-01-26-46,1.0
3,2016-01-26-46,1.0
4,2016-01-26-46,13.0
5,2016-01-26-46,1.0
6,2016-01-26-46,9.0
7,2016-01-26-46,64.0
8,2016-01-26-46,377.0
9,2016-01-26-46,2.0
10,2016-01-26-46,1.0
11,2016-01-26-46,2.0
12,2016-01-26-46,9.0
13,2016-01-26-46,4.0
14,2016-01-26-46,59.0
15,2016-01-26-46,1.0
16,2016-01-26-46,1.0
17,2016-01-26-46,1.0
18,2016-01-26-46,1.0
19,2016-01-26-46,1.0
20,2016-01-26-46,8.0
21,2016-01-26-46,5.0
22,2016-01-26-46,7.0
23,2016-01-26-46,279.0
24,2016-01-26-46,49.0
25,2016-01-26-46,2.0
26,2016-01-26-46,19.0
27,2016-01-26-46,19.0
28,2016-01-26-46,22.0
29,2016-01-26-46,3.0
30,2016-01-26-46,1.0
31,2016-01-26-46,5.0
32,2016-01-26-46,5.0
33,2016-01-26-46,1.0
34,2016-01-26-46,1.0
35,2016-01-26-46,2.0
36,2016-01-26-46,1.0
37,2016-01-26-46,108.0
38,2016-01-26-46,2.0
39,2016-01-26-46,3.0
40,2016-01-26-46,1.0
41,2016-01-26-46,1.0
42,2016-01-26-46,4.0
43,2016-01-26-46,1.0
44,2016-01-26-46,13.0
45,2016-01-26-46,1.0
46,2016-01-26-46,119.0
47,2016-01-26-46,1.0
48,2016-01-26-46,25.0
49,2016-01-26-46,1.0
50,2016-01-26-46,1.0
51,2016-01-26-46,47.0
52,2016-01-26-46,1.0
53,2016-01-26-46,1.0
54,2016-01-26-46,1.0
55,2016-01-26-46,1.0
56,2016-01-26-46,2.0
57,2016-01-26-46,1.0
58,2016-01-26-46,1.0
59,2016-01-26-46,20.0
60,2016-01-26-46,1.0
61,2016-01-26-46,1.0
62,2016-01-26-46,1.0
63,2016-01-26-46,1.0
64,2016-01-26-46,2.0
65,2016-01-26-46,1.0
66,2016-01-26-46,1.0
1,2016-01-26-58,6.0
2,2016-01-26-58,1.0
3,2016-01-26-58,2.0
4,2016-01-26-58,71.0
5,2016-01-26-58,1.0
6,2016-01-26-58,33.0
7,2016-01-26-58,30.0
8,2016-01-26-58,280.0
9,2016-01-26-58,23.0
10,2016-01-26-58,1.0
11,2016-01-26-58,4.0
12,2016-01-26-58,10.0
13,2016-01-26-58,19.0
14,2016-01-26-58,45.0
15,2016-01-26-58,1.0
16,2016-01-26-58,11.0
17,2016-01-26-58,6.0
18,2016-01-26-58,2.0
19,2016-01-26-58,4.0
20,2016-01-26-58,12.0
21,2016-01-26-58,2.0
22,2016-01-26-58,13.0
23,2016-01-26-58,200.0
24,2016-01-26-58,97.0
25,2016-01-26-58,32.0
26,2016-01-26-58,50.0
27,2016-01-26-58,13.0
28,2016-01-26-58,32.0
29,2016-01-26-58,6.0
30,2016-01-26-58,1.0
31,2016-01-26-58,10.0
32,2016-01-26-58,1.0
33,2016-01-26-58,4.0
34,2016-01-26-58,1.0
35,2016-01-26-58,1.0
36,2016-01-26-58,1.0
37,2016-01-26-58,242.0
38,2016-01-26-58,10.0
39,2016-01-26-58,1.0
40,2016-01-26-58,2.0
41,2016-01-26-58,14.0
42,2016-01-26-58,6.0
43,2016-01-26-58,2.0
44,2016-01-26-58,1.0
45,2016-01-26-58,1.0
46,2016-01-26-58,118.0
47,2016-01-26-58,4.0
48,2016-01-26-58,14.0
49,2016-01-26-58,3.0
50,2016-01-26-58,1.0
51,2016-01-26-58,38.0
52,2016-01-26-58,1.0
53,2016-01-26-58,10.0
54,2016-01-26-58,1.0
55,2016-01-26-58,1.0
56,2016-01-26-58,3.0
57,2016-01-26-58,1.0
58,2016-01-26-58,5.0
59,2016-01-26-58,2.0
60,2016-01-26-58,1.0
61,2016-01-26-58,1.0
62,2016-01-26-58,1.0
63,2016-01-26-58,1.0
64,2016-01-26-58,1.0
65,2016-01-26-58,1.0
66,2016-01-26-58,1.0
1,2016-01-26-70,7.0
2,2016-01-26-70,1.0
3,2016-01-26-70,2.0
4,2016-01-26-70,13.0
5,2016-01-26-70,1.0
6,2016-01-26-70,3.0
7,2016-01-26-70,24.0
8,2016-01-26-70,96.0
9,2016-01-26-70,6.0
10,2016-01-26-70,1.0
11,2016-01-26-70,5.0
12,2016-01-26-70,43.0
13,2016-01-26-70,5.0
14,2016-01-26-70,20.0
15,2016-01-26-70,1.0
16,2016-01-26-70,1.0
17,2016-01-26-70,1.0
18,2016-01-26-70,2.0
19,2016-01-26-70,12.0
20,2016-01-26-70,15.0
21,2016-01-26-70,3.0
22,2016-01-26-70,15.0
23,2016-01-26-70,118.0
24,2016-01-26-70,35.0
25,2016-01-26-70,1.0
26,2016-01-26-70,5.0
27,2016-01-26-70,15.0
28,2016-01-26-70,25.0
29,2016-01-26-70,12.0
30,2016-01-26-70,1.0
31,2016-01-26-70,7.0
32,2016-01-26-70,1.0
33,2016-01-26-70,3.0
34,2016-01-26-70,2.0
35,2016-01-26-70,1.0
36,2016-01-26-70,3.0
37,2016-01-26-70,65.0
38,2016-01-26-70,3.0
39,2016-01-26-70,1.0
40,2016-01-26-70,1.0
41,2016-01-26-70,7.0
42,2016-01-26-70,22.0
43,2016-01-26-70,1.0
44,2016-01-26-70,1.0
45,2016-01-26-70,1.0
46,2016-01-26-70,44.0
47,2016-01-26-70,8.0
48,2016-01-26-70,42.0
49,2016-01-26-70,1.0
50,2016-01-26-70,1.0
51,2016-01-26-70,121.0
52,2016-01-26-70,1.0
53,2016-01-26-70,2.0
54,2016-01-26-70,1.0
55,2016-01-26-70,1.0
56,2016-01-26-70,1.0
57,2016-01-26-70,1.0
58,2016-01-26-70,3.0
59,2016-01-26-70,1.0
60,2016-01-26-70,1.0
61,2016-01-26-70,1.0
62,2016-01-26-70,1.0
63,2016-01-26-70,1.0
64,2016-01-26-70,1.0
65,2016-01-26-70,1.0
66,2016-01-26-70,1.0
1,2016-01-26-82,5.0
2,2016-01-26-82,1.0
3,2016-01-26-82,1.0
4,2016-01-26-82,14.0
5,2016-01-26-82,1.0
6,2016-01-26-82,1.0
7,2016-01-26-82,72.0
8,2016-01-26-82,147.0
9,2016-01-26-82,4.0
10,2016-01-26-82,1.0
11,2016-01-26-82,2.0
12,2016-01-26-82,5.0
13,2016-01-26-82,1.0
14,2016-01-26-82,50.0
15,2016-01-26-82,1.0
16,2016-01-26-82,1.0
17,2016-01-26-82,1.0
18,2016-01-26-82,1.0
19,2016-01-26-82,3.0
20,2016-01-26-82,7.0
21,2016-01-26-82,2.0
22,2016-01-26-82,9.0
23,2016-01-26-82,127.0
24,2016-01-26-82,45.0
25,2016-01-26-82,1.0
26,2016-01-26-82,8.0
27,2016-01-26-82,11.0
28,2016-01-26-82,8.0
29,2016-01-26-82,11.0
30,2016-01-26-82,1.0
31,2016-01-26-82,1.0
32,2016-01-26-82,1.0
33,2016-01-26-82,3.0
34,2016-01-26-82,2.0
35,2016-01-26-82,1.0
36,2016-01-26-82,1.0
37,2016-01-26-82,81.0
38,2016-01-26-82,4.0
39,2016-01-26-82,3.0
40,2016-01-26-82,7.0
41,2016-01-26-82,2.0
42,2016-01-26-82,14.0
43,2016-01-26-82,1.0
44,2016-01-26-82,1.0
45,2016-01-26-82,1.0
46,2016-01-26-82,45.0
47,2016-01-26-82,1.0
48,2016-01-26-82,117.0
49,2016-01-26-82,1.0
50,2016-01-26-82,1.0
51,2016-01-26-82,176.0
52,2016-01-26-82,1.0
53,2016-01-26-82,7.0
54,2016-01-26-82,1.0
55,2016-01-26-82,1.0
56,2016-01-26-82,1.0
57,2016-01-26-82,1.0
58,2016-01-26-82,1.0
59,2016-01-26-82,2.0
60,2016-01-26-82,1.0
61,2016-01-26-82,1.0
62,2016-01-26-82,1.0
63,2016-01-26-82,1.0
64,2016-01-26-82,1.0
65,2016-01-26-82,1.0
66,2016-01-26-82,1.0
1,2016-01-26-94,6.0
2,2016-01-26-94,1.0
3,2016-01-26-94,2.0
4,2016-01-26-94,4.0
5,2016-01-26-94,1.0
6,2016-01-26-94,1.0
7,2016-01-26-94,72.0
8,2016-01-26-94,143.0
9,2016-01-26-94,5.0
10,2016-01-26-94,1.0
11,2016-01-26-94,1.0
12,2016-01-26-94,6.0
13,2016-01-26-94,1.0
14,2016-01-26-94,28.0
15,2016-01-26-94,1.0
16,2016-01-26-94,1.0
17,2016-01-26-94,1.0
18,2016-01-26-94,2.0
19,2016-01-26-94,2.0
20,2016-01-26-94,5.0
21,2016-01-26-94,2.0
22,2016-01-26-94,20.0
23,2016-01-26-94,158.0
24,2016-01-26-94,14.0
25,2016-01-26-94,1.0
26,2016-01-26-94,6.0
27,2016-01-26-94,10.0
28,2016-01-26-94,8.0
29,2016-01-26-94,2.0
30,2016-01-26-94,1.0
31,2016-01-26-94,2.0
32,2016-01-26-94,1.0
33,2016-01-26-94,3.0
34,2016-01-26-94,1.0
35,2016-01-26-94,1.0
36,2016-01-26-94,1.0
37,2016-01-26-94,55.0
38,2016-01-26-94,2.0
39,2016-01-26-94,1.0
40,2016-01-26-94,1.0
41,2016-01-26-94,1.0
42,2016-01-26-94,6.0
43,2016-01-26-94,2.0
44,2016-01-26-94,1.0
45,2016-01-26-94,1.0
46,2016-01-26-94,4.0
47,2016-01-26-94,1.0
48,2016-01-26-94,128.0
49,2016-01-26-94,1.0
50,2016-01-26-94,1.0
51,2016-01-26-94,253.0
52,2016-01-26-94,1.0
53,2016-01-26-94,1.0
54,2016-01-26-94,1.0
55,2016-01-26-94,1.0
56,2016-01-26-94,2.0
57,2016-01-26-94,1.0
58,2016-01-26-94,1.0
59,2016-01-26-94,1.0
60,2016-01-26-94,1.0
61,2016-01-26-94,1.0
62,2016-01-26-94,1.0
63,2016-01-26-94,2.0
64,2016-01-26-94,1.0
65,2016-01-26-94,1.0
66,2016-01-26-94,1.0
1,2016-01-26-106,6.0
2,2016-01-26-106,4.0
3,2016-01-26-106,1.0
4,2016-01-26-106,2.0
5,2016-01-26-106,1.0
6,2016-01-26-106,4.0
7,2016-01-26-106,209.0
8,2016-01-26-106,135.0
9,2016-01-26-106,2.0
10,2016-01-26-106,1.0
11,2016-01-26-106,1.0
12,2016-01-26-106,12.0
13,2016-01-26-106,1.0
14,2016-01-26-106,48.0
15,2016-01-26-106,1.0
16,2016-01-26-106,1.0
17,2016-01-26-106,1.0
18,2016-01-26-106,4.0
19,2016-01-26-106,2.0
20,2016-01-26-106,7.0
21,2016-01-26-106,2.0
22,2016-01-26-106,27.0
23,2016-01-26-106,192.0
24,2016-01-26-106,3.0
25,2016-01-26-106,2.0
26,2016-01-26-106,3.0
27,2016-01-26-106,9.0
28,2016-01-26-106,30.0
29,2016-01-26-106,13.0
30,2016-01-26-106,4.0
31,2016-01-26-106,1.0
32,2016-01-26-106,1.0
33,2016-01-26-106,1.0
34,2016-01-26-106,1.0
35,2016-01-26-106,3.0
36,2016-01-26-106,2.0
37,2016-01-26-106,27.0
38,2016-01-26-106,1.0
39,2016-01-26-106,3.0
40,2016-01-26-106,1.0
41,2016-01-26-106,1.0
42,2016-01-26-106,5.0
43,2016-01-26-106,1.0
44,2016-01-26-106,1.0
45,2016-01-26-106,1.0
46,2016-01-26-106,6.0
47,2016-01-26-106,1.0
48,2016-01-26-106,330.0
49,2016-01-26-106,1.0
50,2016-01-26-106,1.0
51,2016-01-26-106,705.0
52,2016-01-26-106,1.0
53,2016-01-26-106,2.0
54,2016-01-26-106,3.0
55,2016-01-26-106,1.0
56,2016-01-26-106,1.0
57,2016-01-26-106,1.0
58,2016-01-26-106,1.0
59,2016-01-26-106,1.0
60,2016-01-26-106,4.0
61,2016-01-26-106,1.0
62,2016-01-26-106,1.0
63,2016-01-26-106,1.0
64,2016-01-26-106,1.0
65,2016-01-26-106,1.0
66,2016-01-26-106,1.0
1,2016-01-26-118,6.0
2,2016-01-26-118,3.0
3,2016-01-26-118,1.0
4,2016-01-26-118,2.0
5,2016-01-26-118,1.0
6,2016-01-26-118,1.0
7,2016-01-26-118,54.0
8,2016-01-26-118,25.0
9,2016-01-26-118,3.0
10,2016-01-26-118,2.0
11,2016-01-26-118,1.0
12,2016-01-26-118,4.0
13,2016-01-26-118,1.0
14,2016-01-26-118,3.0
15,2016-01-26-118,1.0
16,2016-01-26-118,1.0
17,2016-01-26-118,1.0
18,2016-01-26-118,1.0
19,2016-01-26-118,2.0
20,2016-01-26-118,7.0
21,2016-01-26-118,1.0
22,2016-01-26-118,20.0
23,2016-01-26-118,26.0
24,2016-01-26-118,3.0
25,2016-01-26-118,2.0
26,2016-01-26-118,9.0
27,2016-01-26-118,6.0
28,2016-01-26-118,7.0
29,2016-01-26-118,2.0
30,2016-01-26-118,1.0
31,2016-01-26-118,2.0
32,2016-01-26-118,1.0
33,2016-01-26-118,1.0
34,2016-01-26-118,1.0
35,2016-01-26-118,8.0
36,2016-01-26-118,1.0
37,2016-01-26-118,6.0
38,2016-01-26-118,1.0
39,2016-01-26-118,1.0
40,2016-01-26-118,1.0
41,2016-01-26-118,1.0
42,2016-01-26-118,3.0
43,2016-01-26-118,1.0
44,2016-01-26-118,2.0
45,2016-01-26-118,2.0
46,2016-01-26-118,5.0
47,2016-01-26-118,3.0
48,2016-01-26-118,15.0
49,2016-01-26-118,1.0
50,2016-01-26-118,1.0
51,2016-01-26-118,70.0
52,2016-01-26-118,1.0
53,2016-01-26-118,1.0
54,2016-01-26-118,1.0
55,2016-01-26-118,1.0
56,2016-01-26-118,1.0
57,2016-01-26-118,1.0
58,2016-01-26-118,1.0
59,2016-01-26-118,1.0
60,2016-01-26-118,1.0
61,2016-01-26-118,1.0
62,2016-01-26-118,1.0
63,2016-01-26-118,1.0
64,2016-01-26-118,1.0
65,2016-01-26-118,1.0
66,2016-01-26-118,1.0
1,2016-01-26-130,7.0
2,2016-01-26-130,1.0
3,2016-01-26-130,1.0
4,2016-01-26-130,15.0
5,2016-01-26-130,1.0
6,2016-01-26-130,1.0
7,2016-01-26-130,89.0
8,2016-01-26-130,134.0
9,2016-01-26-130,2.0
10,2016-01-26-130,3.0
11,2016-01-26-130,2.0
12,2016-01-26-130,7.0
13,2016-01-26-130,1.0
14,2016-01-26-130,8.0
15,2016-01-26-130,1.0
16,2016-01-26-130,1.0
17,2016-01-26-130,1.0
18,2016-01-26-130,1.0
19,2016-01-26-130,2.0
20,2016-01-26-130,9.0
21,2016-01-26-130,2.0
22,2016-01-26-130,18.0
23,2016-01-26-130,68.0
24,2016-01-26-130,3.0
25,2016-01-26-130,1.0
26,2016-01-26-130,30.0
27,2016-01-26-130,10.0
28,2016-01-26-130,31.0
29,2016-01-26-130,2.0
30,2016-01-26-130,1.0
31,2016-01-26-130,1.0
32,2016-01-26-130,2.0
33,2016-01-26-130,1.0
34,2016-01-26-130,1.0
35,2016-01-26-130,2.0
36,2016-01-26-130,3.0
37,2016-01-26-130,36.0
38,2016-01-26-130,1.0
39,2016-01-26-130,1.0
40,2016-01-26-130,1.0
41,2016-01-26-130,1.0
42,2016-01-26-130,4.0
43,2016-01-26-130,3.0
44,2016-01-26-130,1.0
45,2016-01-26-130,1.0
46,2016-01-26-130,8.0
47,2016-01-26-130,1.0
48,2016-01-26-130,65.0
49,2016-01-26-130,1.0
50,2016-01-26-130,1.0
51,2016-01-26-130,625.0
52,2016-01-26-130,1.0
53,2016-01-26-130,1.0
54,2016-01-26-130,1.0
55,2016-01-26-130,1.0
56,2016-01-26-130,1.0
57,2016-01-26-130,1.0
58,2016-01-26-130,1.0
59,2016-01-26-130,1.0
60,2016-01-26-130,1.0
61,2016-01-26-130,2.0
62,2016-01-26-130,1.0
63,2016-01-26-130,1.0
64,2016-01-26-130,1.0
65,2016-01-26-130,1.0
66,2016-01-26-130,1.0
1,2016-01-26-142,5.0
2,2016-01-26-142,1.0
3,2016-01-26-142,1.0
4,2016-01-26-142,1.0
5,2016-01-26-142,1.0
6,2016-01-26-142,1.0
7,2016-01-26-142,4.0
8,2016-01-26-142,11.0
9,2016-01-26-142,1.0
10,2016-01-26-142,1.0
11,2016-01-26-142,1.0
12,2016-01-26-142,20.0
13,2016-01-26-142,1.0
14,2016-01-26-142,3.0
15,2016-01-26-142,1.0
16,2016-01-26-142,1.0
17,2016-01-26-142,1.0
18,2016-01-26-142,1.0
19,2016-01-26-142,4.0
20,2016-01-26-142,3.0
21,2016-01-26-142,2.0
22,2016-01-26-142,3.0
23,2016-01-26-142,17.0
24,2016-01-26-142,2.0
25,2016-01-26-142,2.0
26,2016-01-26-142,4.0
27,2016-01-26-142,4.0
28,2016-01-26-142,10.0
29,2016-01-26-142,1.0
30,2016-01-26-142,1.0
31,2016-01-26-142,1.0
32,2016-01-26-142,1.0
33,2016-01-26-142,2.0
34,2016-01-26-142,1.0
35,2016-01-26-142,1.0
36,2016-01-26-142,1.0
37,2016-01-26-142,3.0
38,2016-01-26-142,1.0
39,2016-01-26-142,1.0
40,2016-01-26-142,1.0
41,2016-01-26-142,1.0
42,2016-01-26-142,2.0
43,2016-01-26-142,1.0
44,2016-01-26-142,1.0
45,2016-01-26-142,1.0
46,2016-01-26-142,2.0
47,2016-01-26-142,1.0
48,2016-01-26-142,18.0
49,2016-01-26-142,1.0
50,2016-01-26-142,1.0
51,2016-01-26-142,71.0
52,2016-01-26-142,1.0
53,2016-01-26-142,1.0
54,2016-01-26-142,1.0
55,2016-01-26-142,1.0
56,2016-01-26-142,2.0
57,2016-01-26-142,1.0
58,2016-01-26-142,2.0
59,2016-01-26-142,1.0
60,2016-01-26-142,4.0
61,2016-01-26-142,1.0
62,2016-01-26-142,1.0
63,2016-01-26-142,1.0
64,2016-01-26-142,1.0
65,2016-01-26-142,1.0
66,2016-01-26-142,1.0
1,2016-01-28-58,6.0
2,2016-01-28-58,1.0
3,2016-01-28-58,1.0
4,2016-01-28-58,80.0
5,2016-01-28-58,4.0
6,2016-01-28-58,25.0
7,2016-01-28-58,41.0
8,2016-01-28-58,280.0
9,2016-01-28-58,9.0
10,2016-01-28-58,1.0
11,2016-01-28-58,2.0
12,2016-01-28-58,5.0
13,2016-01-28-58,1.0
14,2016-01-28-58,56.0
15,2016-01-28-58,1.0
16,2016-01-28-58,10.0
17,2016-01-28-58,1.0
18,2016-01-28-58,5.0
19,2016-01-28-58,2.0
20,2016-01-28-58,7.0
21,2016-01-28-58,3.0
22,2016-01-28-58,8.0
23,2016-01-28-58,189.0
24,2016-01-28-58,107.0
25,2016-01-28-58,34.0
26,2016-01-28-58,17.0
27,2016-01-28-58,11.0
28,2016-01-28-58,36.0
29,2016-01-28-58,6.0
30,2016-01-28-58,1.0
31,2016-01-28-58,5.0
32,2016-01-28-58,1.0
33,2016-01-28-58,1.0
34,2016-01-28-58,1.0
35,2016-01-28-58,1.0
36,2016-01-28-58,1.0
37,2016-01-28-58,219.0
38,2016-01-28-58,5.0
39,2016-01-28-58,1.0
40,2016-01-28-58,6.0
41,2016-01-28-58,2.0
42,2016-01-28-58,12.0
43,2016-01-28-58,1.0
44,2016-01-28-58,1.0
45,2016-01-28-58,1.0
46,2016-01-28-58,119.0
47,2016-01-28-58,1.0
48,2016-01-28-58,17.0
49,2016-01-28-58,3.0
50,2016-01-28-58,2.0
51,2016-01-28-58,78.0
52,2016-01-28-58,1.0
53,2016-01-28-58,17.0
54,2016-01-28-58,4.0
55,2016-01-28-58,1.0
56,2016-01-28-58,1.0
57,2016-01-28-58,1.0
58,2016-01-28-58,6.0
59,2016-01-28-58,1.0
60,2016-01-28-58,1.0
61,2016-01-28-58,3.0
62,2016-01-28-58,1.0
63,2016-01-28-58,1.0
64,2016-01-28-58,1.0
65,2016-01-28-58,1.0
66,2016-01-28-58,1.0
1,2016-01-28-70,4.0
2,2016-01-28-70,1.0
3,2016-01-28-70,3.0
4,2016-01-28-70,2.0
5,2016-01-28-70,1.0
6,2016-01-28-70,2.0
7,2016-01-28-70,20.0
8,2016-01-28-70,84.0
9,2016-01-28-70,3.0
10,2016-01-28-70,1.0
11,2016-01-28-70,1.0
12,2016-01-28-70,3.0
13,2016-01-28-70,2.0
14,2016-01-28-70,13.0
15,2016-01-28-70,1.0
16,2016-01-28-70,1.0
17,2016-01-28-70,2.0
18,2016-01-28-70,2.0
19,2016-01-28-70,3.0
20,2016-01-28-70,2.0
21,2016-01-28-70,2.0
22,2016-01-28-70,12.0
23,2016-01-28-70,152.0
24,2016-01-28-70,21.0
25,2016-01-28-70,1.0
26,2016-01-28-70,5.0
27,2016-01-28-70,10.0
28,2016-01-28-70,6.0
29,2016-01-28-70,9.0
30,2016-01-28-70,1.0
31,2016-01-28-70,3.0
32,2016-01-28-70,1.0
33,2016-01-28-70,5.0
34,2016-01-28-70,1.0
35,2016-01-28-70,2.0
36,2016-01-28-70,1.0
37,2016-01-28-70,29.0
38,2016-01-28-70,3.0
39,2016-01-28-70,1.0
40,2016-01-28-70,1.0
41,2016-01-28-70,4.0
42,2016-01-28-70,10.0
43,2016-01-28-70,1.0
44,2016-01-28-70,1.0
45,2016-01-28-70,1.0
46,2016-01-28-70,15.0
47,2016-01-28-70,9.0
48,2016-01-28-70,15.0
49,2016-01-28-70,1.0
50,2016-01-28-70,1.0
51,2016-01-28-70,187.0
52,2016-01-28-70,1.0
53,2016-01-28-70,2.0
54,2016-01-28-70,1.0
55,2016-01-28-70,1.0
56,2016-01-28-70,1.0
57,2016-01-28-70,1.0
58,2016-01-28-70,5.0
59,2016-01-28-70,1.0
60,2016-01-28-70,1.0
61,2016-01-28-70,1.0
62,2016-01-28-70,1.0
63,2016-01-28-70,1.0
64,2016-01-28-70,1.0
65,2016-01-28-70,1.0
66,2016-01-28-70,1.0
1,2016-01-28-82,4.0
2,2016-01-28-82,1.0
3,2016-01-28-82,1.0
4,2016-01-28-82,9.0
5,2016-01-28-82,1.0
6,2016-01-28-82,6.0
7,2016-01-28-82,27.0
8,2016-01-28-82,107.0
9,2016-01-28-82,2.0
10,2016-01-28-82,1.0
11,2016-01-28-82,1.0
12,2016-01-28-82,5.0
13,2016-01-28-82,1.0
14,2016-01-28-82,4.0
15,2016-01-28-82,1.0
16,2016-01-28-82,9.0
17,2016-01-28-82,4.0
18,2016-01-28-82,3.0
19,2016-01-28-82,2.0
20,2016-01-28-82,4.0
21,2016-01-28-82,2.0
22,2016-01-28-82,9.0
23,2016-01-28-82,72.0
24,2016-01-28-82,45.0
25,2016-01-28-82,1.0
26,2016-01-28-82,13.0
27,2016-01-28-82,11.0
28,2016-01-28-82,5.0
29,2016-01-28-82,9.0
30,2016-01-28-82,1.0
31,2016-01-28-82,5.0
32,2016-01-28-82,1.0
33,2016-01-28-82,1.0
34,2016-01-28-82,3.0
35,2016-01-28-82,5.0
36,2016-01-28-82,3.0
37,2016-01-28-82,64.0
38,2016-01-28-82,1.0
39,2016-01-28-82,1.0
40,2016-01-28-82,4.0
41,2016-01-28-82,1.0
42,2016-01-28-82,3.0
43,2016-01-28-82,1.0
44,2016-01-28-82,1.0
45,2016-01-28-82,1.0
46,2016-01-28-82,11.0
47,2016-01-28-82,5.0
48,2016-01-28-82,11.0
49,2016-01-28-82,1.0
50,2016-01-28-82,4.0
51,2016-01-28-82,45.0
52,2016-01-28-82,4.0
53,2016-01-28-82,6.0
54,2016-01-28-82,1.0
55,2016-01-28-82,1.0
56,2016-01-28-82,1.0
57,2016-01-28-82,1.0
58,2016-01-28-82,3.0
59,2016-01-28-82,1.0
60,2016-01-28-82,1.0
61,2016-01-28-82,2.0
62,2016-01-28-82,1.0
63,2016-01-28-82,2.0
64,2016-01-28-82,1.0
65,2016-01-28-82,1.0
66,2016-01-28-82,1.0
1,2016-01-28-94,6.0
2,2016-01-28-94,1.0
3,2016-01-28-94,1.0
4,2016-01-28-94,5.0
5,2016-01-28-94,1.0
6,2016-01-28-94,1.0
7,2016-01-28-94,67.0
8,2016-01-28-94,156.0
9,2016-01-28-94,1.0
10,2016-01-28-94,1.0
11,2016-01-28-94,1.0
12,2016-01-28-94,4.0
13,2016-01-28-94,2.0
14,2016-01-28-94,23.0
15,2016-01-28-94,1.0
16,2016-01-28-94,2.0
17,2016-01-28-94,1.0
18,2016-01-28-94,1.0
19,2016-01-28-94,2.0
20,2016-01-28-94,2.0
21,2016-01-28-94,2.0
22,2016-01-28-94,19.0
23,2016-01-28-94,174.0
24,2016-01-28-94,9.0
25,2016-01-28-94,1.0
26,2016-01-28-94,4.0
27,2016-01-28-94,9.0
28,2016-01-28-94,8.0
29,2016-01-28-94,1.0
30,2016-01-28-94,1.0
31,2016-01-28-94,1.0
32,2016-01-28-94,2.0
33,2016-01-28-94,1.0
34,2016-01-28-94,2.0
35,2016-01-28-94,3.0
36,2016-01-28-94,2.0
37,2016-01-28-94,62.0
38,2016-01-28-94,1.0
39,2016-01-28-94,1.0
40,2016-01-28-94,2.0
41,2016-01-28-94,1.0
42,2016-01-28-94,4.0
43,2016-01-28-94,1.0
44,2016-01-28-94,1.0
45,2016-01-28-94,1.0
46,2016-01-28-94,4.0
47,2016-01-28-94,1.0
48,2016-01-28-94,140.0
49,2016-01-28-94,4.0
50,2016-01-28-94,1.0
51,2016-01-28-94,420.0
52,2016-01-28-94,1.0
53,2016-01-28-94,4.0
54,2016-01-28-94,1.0
55,2016-01-28-94,1.0
56,2016-01-28-94,1.0
57,2016-01-28-94,1.0
58,2016-01-28-94,1.0
59,2016-01-28-94,1.0
60,2016-01-28-94,1.0
61,2016-01-28-94,1.0
62,2016-01-28-94,1.0
63,2016-01-28-94,1.0
64,2016-01-28-94,1.0
65,2016-01-28-94,1.0
66,2016-01-28-94,1.0
1,2016-01-28-106,8.0
2,2016-01-28-106,2.0
3,2016-01-28-106,1.0
4,2016-01-28-106,4.0
5,2016-01-28-106,2.0
6,2016-01-28-106,1.0
7,2016-01-28-106,149.0
8,2016-01-28-106,142.0
9,2016-01-28-106,2.0
10,2016-01-28-106,1.0
11,2016-01-28-106,2.0
12,2016-01-28-106,8.0
13,2016-01-28-106,1.0
14,2016-01-28-106,38.0
15,2016-01-28-106,1.0
16,2016-01-28-106,1.0
17,2016-01-28-106,1.0
18,2016-01-28-106,1.0
19,2016-01-28-106,2.0
20,2016-01-28-106,6.0
21,2016-01-28-106,3.0
22,2016-01-28-106,28.0
23,2016-01-28-106,194.0
24,2016-01-28-106,12.0
25,2016-01-28-106,2.0
26,2016-01-28-106,3.0
27,2016-01-28-106,22.0
28,2016-01-28-106,23.0
29,2016-01-28-106,1.0
30,2016-01-28-106,1.0
31,2016-01-28-106,1.0
32,2016-01-28-106,1.0
33,2016-01-28-106,1.0
34,2016-01-28-106,1.0
35,2016-01-28-106,3.0
36,2016-01-28-106,3.0
37,2016-01-28-106,55.0
38,2016-01-28-106,1.0
39,2016-01-28-106,1.0
40,2016-01-28-106,1.0
41,2016-01-28-106,1.0
42,2016-01-28-106,3.0
43,2016-01-28-106,2.0
44,2016-01-28-106,1.0
45,2016-01-28-106,1.0
46,2016-01-28-106,9.0
47,2016-01-28-106,1.0
48,2016-01-28-106,204.0
49,2016-01-28-106,1.0
50,2016-01-28-106,3.0
51,2016-01-28-106,731.0
52,2016-01-28-106,1.0
53,2016-01-28-106,1.0
54,2016-01-28-106,1.0
55,2016-01-28-106,1.0
56,2016-01-28-106,5.0
57,2016-01-28-106,1.0
58,2016-01-28-106,1.0
59,2016-01-28-106,1.0
60,2016-01-28-106,1.0
61,2016-01-28-106,1.0
62,2016-01-28-106,1.0
63,2016-01-28-106,1.0
64,2016-01-28-106,1.0
65,2016-01-28-106,1.0
66,2016-01-28-106,1.0
1,2016-01-28-118,6.0
2,2016-01-28-118,1.0
3,2016-01-28-118,1.0
4,2016-01-28-118,15.0
5,2016-01-28-118,1.0
6,2016-01-28-118,2.0
7,2016-01-28-118,95.0
8,2016-01-28-118,103.0
9,2016-01-28-118,1.0
10,2016-01-28-118,1.0
11,2016-01-28-118,1.0
12,2016-01-28-118,5.0
13,2016-01-28-118,1.0
14,2016-01-28-118,7.0
15,2016-01-28-118,1.0
16,2016-01-28-118,1.0
17,2016-01-28-118,1.0
18,2016-01-28-118,1.0
19,2016-01-28-118,3.0
20,2016-01-28-118,6.0
21,2016-01-28-118,3.0
22,2016-01-28-118,14.0
23,2016-01-28-118,53.0
24,2016-01-28-118,3.0
25,2016-01-28-118,2.0
26,2016-01-28-118,26.0
27,2016-01-28-118,11.0
28,2016-01-28-118,10.0
29,2016-01-28-118,3.0
30,2016-01-28-118,1.0
31,2016-01-28-118,1.0
32,2016-01-28-118,1.0
33,2016-01-28-118,1.0
34,2016-01-28-118,1.0
35,2016-01-28-118,15.0
36,2016-01-28-118,1.0
37,2016-01-28-118,13.0
38,2016-01-28-118,1.0
39,2016-01-28-118,2.0
40,2016-01-28-118,1.0
41,2016-01-28-118,1.0
42,2016-01-28-118,4.0
43,2016-01-28-118,1.0
44,2016-01-28-118,1.0
45,2016-01-28-118,1.0
46,2016-01-28-118,4.0
47,2016-01-28-118,1.0
48,2016-01-28-118,31.0
49,2016-01-28-118,2.0
50,2016-01-28-118,1.0
51,2016-01-28-118,205.0
52,2016-01-28-118,3.0
53,2016-01-28-118,4.0
54,2016-01-28-118,3.0
55,2016-01-28-118,1.0
56,2016-01-28-118,1.0
57,2016-01-28-118,1.0
58,2016-01-28-118,1.0
59,2016-01-28-118,1.0
60,2016-01-28-118,1.0
61,2016-01-28-118,1.0
62,2016-01-28-118,1.0
63,2016-01-28-118,1.0
64,2016-01-28-118,1.0
65,2016-01-28-118,1.0
66,2016-01-28-118,1.0
1,2016-01-28-130,7.0
2,2016-01-28-130,1.0
3,2016-01-28-130,4.0
4,2016-01-28-130,38.0
5,2016-01-28-130,1.0
6,2016-01-28-130,2.0
7,2016-01-28-130,109.0
8,2016-01-28-130,200.0
9,2016-01-28-130,3.0
10,2016-01-28-130,1.0
11,2016-01-28-130,1.0
12,2016-01-28-130,8.0
13,2016-01-28-130,1.0
14,2016-01-28-130,25.0
15,2016-01-28-130,1.0
16,2016-01-28-130,3.0
17,2016-01-28-130,1.0
18,2016-01-28-130,2.0
19,2016-01-28-130,3.0
20,2016-01-28-130,50.0
21,2016-01-28-130,3.0
22,2016-01-28-130,18.0
23,2016-01-28-130,89.0
24,2016-01-28-130,3.0
25,2016-01-28-130,1.0
26,2016-01-28-130,15.0
27,2016-01-28-130,6.0
28,2016-01-28-130,189.0
29,2016-01-28-130,1.0
30,2016-01-28-130,1.0
31,2016-01-28-130,1.0
32,2016-01-28-130,1.0
33,2016-01-28-130,1.0
34,2016-01-28-130,5.0
35,2016-01-28-130,7.0
36,2016-01-28-130,1.0
37,2016-01-28-130,57.0
38,2016-01-28-130,1.0
39,2016-01-28-130,2.0
40,2016-01-28-130,1.0
41,2016-01-28-130,1.0
42,2016-01-28-130,3.0
43,2016-01-28-130,2.0
44,2016-01-28-130,1.0
45,2016-01-28-130,1.0
46,2016-01-28-130,7.0
47,2016-01-28-130,1.0
48,2016-01-28-130,131.0
49,2016-01-28-130,1.0
50,2016-01-28-130,1.0
51,2016-01-28-130,514.0
52,2016-01-28-130,1.0
53,2016-01-28-130,1.0
54,2016-01-28-130,1.0
55,2016-01-28-130,1.0
56,2016-01-28-130,2.0
57,2016-01-28-130,1.0
58,2016-01-28-130,1.0
59,2016-01-28-130,1.0
60,2016-01-28-130,1.0
61,2016-01-28-130,1.0
62,2016-01-28-130,1.0
63,2016-01-28-130,2.0
64,2016-01-28-130,1.0
65,2016-01-28-130,1.0
66,2016-01-28-130,2.0
1,2016-01-28-142,23.0
2,2016-01-28-142,1.0
3,2016-01-28-142,1.0
4,2016-01-28-142,1.0
5,2016-01-28-142,1.0
6,2016-01-28-142,1.0
7,2016-01-28-142,13.0
8,2016-01-28-142,12.0
9,2016-01-28-142,1.0
10,2016-01-28-142,1.0
11,2016-01-28-142,1.0
12,2016-01-28-142,36.0
13,2016-01-28-142,1.0
14,2016-01-28-142,3.0
15,2016-01-28-142,1.0
16,2016-01-28-142,1.0
17,2016-01-28-142,3.0
18,2016-01-28-142,1.0
19,2016-01-28-142,2.0
20,2016-01-28-142,3.0
21,2016-01-28-142,1.0
22,2016-01-28-142,13.0
23,2016-01-28-142,30.0
24,2016-01-28-142,2.0
25,2016-01-28-142,1.0
26,2016-01-28-142,3.0
27,2016-01-28-142,7.0
28,2016-01-28-142,5.0
29,2016-01-28-142,1.0
30,2016-01-28-142,1.0
31,2016-01-28-142,1.0
32,2016-01-28-142,1.0
33,2016-01-28-142,1.0
34,2016-01-28-142,1.0
35,2016-01-28-142,1.0
36,2016-01-28-142,1.0
37,2016-01-28-142,3.0
38,2016-01-28-142,1.0
39,2016-01-28-142,2.0
40,2016-01-28-142,1.0
41,2016-01-28-142,1.0
42,2016-01-28-142,4.0
43,2016-01-28-142,1.0
44,2016-01-28-142,2.0
45,2016-01-28-142,1.0
46,2016-01-28-142,2.0
47,2016-01-28-142,2.0
48,2016-01-28-142,18.0
49,2016-01-28-142,1.0
50,2016-01-28-142,1.0
51,2016-01-28-142,194.0
52,2016-01-28-142,1.0
53,2016-01-28-142,1.0
54,2016-01-28-142,1.0
55,2016-01-28-142,1.0
56,2016-01-28-142,2.0
57,2016-01-28-142,5.0
58,2016-01-28-142,1.0
59,2016-01-28-142,1.0
60,2016-01-28-142,1.0
61,2016-01-28-142,1.0
62,2016-01-28-142,1.0
63,2016-01-28-142,1.0
64,2016-01-28-142,1.0
65,2016-01-28-142,1.0
66,2016-01-28-142,1.0
1,2016-01-30-46,28.0
2,2016-01-30-46,1.0
3,2016-01-30-46,2.0
4,2016-01-30-46,8.0
5,2016-01-30-46,1.0
6,2016-01-30-46,7.0
7,2016-01-30-46,18.0
8,2016-01-30-46,46.0
9,2016-01-30-46,2.0
10,2016-01-30-46,3.0
11,2016-01-30-46,7.0
12,2016-01-30-46,15.0
13,2016-01-30-46,1.0
14,2016-01-30-46,30.0
15,2016-01-30-46,1.0
16,2016-01-30-46,4.0
17,2016-01-30-46,1.0
18,2016-01-30-46,2.0
19,2016-01-30-46,3.0
20,2016-01-30-46,7.0
21,2016-01-30-46,12.0
22,2016-01-30-46,2.0
23,2016-01-30-46,54.0
24,2016-01-30-46,28.0
25,2016-01-30-46,1.0
26,2016-01-30-46,9.0
27,2016-01-30-46,11.0
28,2016-01-30-46,27.0
29,2016-01-30-46,7.0
30,2016-01-30-46,1.0
31,2016-01-30-46,1.0
32,2016-01-30-46,1.0
33,2016-01-30-46,2.0
34,2016-01-30-46,1.0
35,2016-01-30-46,1.0
36,2016-01-30-46,16.0
37,2016-01-30-46,25.0
38,2016-01-30-46,2.0
39,2016-01-30-46,1.0
40,2016-01-30-46,3.0
41,2016-01-30-46,1.0
42,2016-01-30-46,19.0
43,2016-01-30-46,3.0
44,2016-01-30-46,1.0
45,2016-01-30-46,1.0
46,2016-01-30-46,29.0
47,2016-01-30-46,2.0
48,2016-01-30-46,53.0
49,2016-01-30-46,1.0
50,2016-01-30-46,1.0
51,2016-01-30-46,46.0
52,2016-01-30-46,1.0
53,2016-01-30-46,2.0
54,2016-01-30-46,1.0
55,2016-01-30-46,1.0
56,2016-01-30-46,2.0
57,2016-01-30-46,1.0
58,2016-01-30-46,3.0
59,2016-01-30-46,1.0
60,2016-01-30-46,2.0
61,2016-01-30-46,1.0
62,2016-01-30-46,1.0
63,2016-01-30-46,1.0
64,2016-01-30-46,1.0
65,2016-01-30-46,3.0
66,2016-01-30-46,1.0
1,2016-01-30-58,4.0
2,2016-01-30-58,1.0
3,2016-01-30-58,1.0
4,2016-01-30-58,2.0
5,2016-01-30-58,2.0
6,2016-01-30-58,3.0
7,2016-01-30-58,8.0
8,2016-01-30-58,70.0
9,2016-01-30-58,2.0
10,2016-01-30-58,1.0
11,2016-01-30-58,1.0
12,2016-01-30-58,2.0
13,2016-01-30-58,3.0
14,2016-01-30-58,10.0
15,2016-01-30-58,1.0
16,2016-01-30-58,1.0
17,2016-01-30-58,1.0
18,2016-01-30-58,1.0
19,2016-01-30-58,5.0
20,2016-01-30-58,4.0
21,2016-01-30-58,1.0
22,2016-01-30-58,10.0
23,2016-01-30-58,72.0
24,2016-01-30-58,17.0
25,2016-01-30-58,1.0
26,2016-01-30-58,12.0
27,2016-01-30-58,11.0
28,2016-01-30-58,7.0
29,2016-01-30-58,4.0
30,2016-01-30-58,1.0
31,2016-01-30-58,2.0
32,2016-01-30-58,2.0
33,2016-01-30-58,1.0
34,2016-01-30-58,1.0
35,2016-01-30-58,1.0
36,2016-01-30-58,1.0
37,2016-01-30-58,39.0
38,2016-01-30-58,2.0
39,2016-01-30-58,2.0
40,2016-01-30-58,3.0
41,2016-01-30-58,3.0
42,2016-01-30-58,3.0
43,2016-01-30-58,3.0
44,2016-01-30-58,1.0
45,2016-01-30-58,3.0
46,2016-01-30-58,95.0
47,2016-01-30-58,13.0
48,2016-01-30-58,4.0
49,2016-01-30-58,1.0
50,2016-01-30-58,1.0
51,2016-01-30-58,13.0
52,2016-01-30-58,1.0
53,2016-01-30-58,1.0
54,2016-01-30-58,1.0
55,2016-01-30-58,1.0
56,2016-01-30-58,1.0
57,2016-01-30-58,1.0
58,2016-01-30-58,2.0
59,2016-01-30-58,1.0
60,2016-01-30-58,1.0
61,2016-01-30-58,1.0
62,2016-01-30-58,2.0
63,2016-01-30-58,1.0
64,2016-01-30-58,1.0
65,2016-01-30-58,1.0
66,2016-01-30-58,1.0
1,2016-01-30-70,3.0
2,2016-01-30-70,1.0
3,2016-01-30-70,1.0
4,2016-01-30-70,7.0
5,2016-01-30-70,1.0
6,2016-01-30-70,3.0
7,2016-01-30-70,35.0
8,2016-01-30-70,183.0
9,2016-01-30-70,2.0
10,2016-01-30-70,6.0
11,2016-01-30-70,1.0
12,2016-01-30-70,5.0
13,2016-01-30-70,3.0
14,2016-01-30-70,19.0
15,2016-01-30-70,1.0
16,2016-01-30-70,1.0
17,2016-01-30-70,2.0
18,2016-01-30-70,3.0
19,2016-01-30-70,2.0
20,2016-01-30-70,32.0
21,2016-01-30-70,2.0
22,2016-01-30-70,15.0
23,2016-01-30-70,123.0
24,2016-01-30-70,47.0
25,2016-01-30-70,2.0
26,2016-01-30-70,15.0
27,2016-01-30-70,10.0
28,2016-01-30-70,8.0
29,2016-01-30-70,13.0
30,2016-01-30-70,1.0
31,2016-01-30-70,2.0
32,2016-01-30-70,2.0
33,2016-01-30-70,1.0
34,2016-01-30-70,1.0
35,2016-01-30-70,3.0
36,2016-01-30-70,1.0
37,2016-01-30-70,136.0
38,2016-01-30-70,3.0
39,2016-01-30-70,1.0
40,2016-01-30-70,5.0
41,2016-01-30-70,3.0
42,2016-01-30-70,13.0
43,2016-01-30-70,3.0
44,2016-01-30-70,1.0
45,2016-01-30-70,1.0
46,2016-01-30-70,97.0
47,2016-01-30-70,4.0
48,2016-01-30-70,9.0
49,2016-01-30-70,1.0
50,2016-01-30-70,1.0
51,2016-01-30-70,16.0
52,2016-01-30-70,1.0
53,2016-01-30-70,2.0
54,2016-01-30-70,1.0
55,2016-01-30-70,1.0
56,2016-01-30-70,2.0
57,2016-01-30-70,1.0
58,2016-01-30-70,1.0
59,2016-01-30-70,1.0
60,2016-01-30-70,1.0
61,2016-01-30-70,1.0
62,2016-01-30-70,2.0
63,2016-01-30-70,1.0
64,2016-01-30-70,1.0
65,2016-01-30-70,1.0
66,2016-01-30-70,1.0
1,2016-01-30-82,5.0
2,2016-01-30-82,1.0
3,2016-01-30-82,1.0
4,2016-01-30-82,10.0
5,2016-01-30-82,4.0
6,2016-01-30-82,1.0
7,2016-01-30-82,71.0
8,2016-01-30-82,221.0
9,2016-01-30-82,3.0
10,2016-01-30-82,2.0
11,2016-01-30-82,2.0
12,2016-01-30-82,3.0
13,2016-01-30-82,1.0
14,2016-01-30-82,54.0
15,2016-01-30-82,1.0
16,2016-01-30-82,7.0
17,2016-01-30-82,1.0
18,2016-01-30-82,1.0
19,2016-01-30-82,3.0
20,2016-01-30-82,29.0
21,2016-01-30-82,3.0
22,2016-01-30-82,13.0
23,2016-01-30-82,200.0
24,2016-01-30-82,67.0
25,2016-01-30-82,1.0
26,2016-01-30-82,28.0
27,2016-01-30-82,12.0
28,2016-01-30-82,16.0
29,2016-01-30-82,10.0
30,2016-01-30-82,1.0
31,2016-01-30-82,3.0
32,2016-01-30-82,1.0
33,2016-01-30-82,1.0
34,2016-01-30-82,1.0
35,2016-01-30-82,2.0
36,2016-01-30-82,1.0
37,2016-01-30-82,171.0
38,2016-01-30-82,2.0
39,2016-01-30-82,1.0
40,2016-01-30-82,2.0
41,2016-01-30-82,3.0
42,2016-01-30-82,23.0
43,2016-01-30-82,1.0
44,2016-01-30-82,2.0
45,2016-01-30-82,1.0
46,2016-01-30-82,87.0
47,2016-01-30-82,2.0
48,2016-01-30-82,55.0
49,2016-01-30-82,1.0
50,2016-01-30-82,2.0
51,2016-01-30-82,83.0
52,2016-01-30-82,1.0
53,2016-01-30-82,2.0
54,2016-01-30-82,1.0
55,2016-01-30-82,1.0
56,2016-01-30-82,4.0
57,2016-01-30-82,1.0
58,2016-01-30-82,1.0
59,2016-01-30-82,1.0
60,2016-01-30-82,1.0
61,2016-01-30-82,1.0
62,2016-01-30-82,1.0
63,2016-01-30-82,2.0
64,2016-01-30-82,2.0
65,2016-01-30-82,1.0
66,2016-01-30-82,1.0
1,2016-01-30-94,5.0
2,2016-01-30-94,1.0
3,2016-01-30-94,1.0
4,2016-01-30-94,10.0
5,2016-01-30-94,1.0
6,2016-01-30-94,4.0
7,2016-01-30-94,72.0
8,2016-01-30-94,150.0
9,2016-01-30-94,2.0
10,2016-01-30-94,1.0
11,2016-01-30-94,1.0
12,2016-01-30-94,4.0
13,2016-01-30-94,1.0
14,2016-01-30-94,17.0
15,2016-01-30-94,1.0
16,2016-01-30-94,1.0
17,2016-01-30-94,1.0
18,2016-01-30-94,1.0
19,2016-01-30-94,2.0
20,2016-01-30-94,5.0
21,2016-01-30-94,3.0
22,2016-01-30-94,23.0
23,2016-01-30-94,139.0
24,2016-01-30-94,15.0
25,2016-01-30-94,1.0
26,2016-01-30-94,12.0
27,2016-01-30-94,9.0
28,2016-01-30-94,8.0
29,2016-01-30-94,1.0
30,2016-01-30-94,1.0
31,2016-01-30-94,1.0
32,2016-01-30-94,2.0
33,2016-01-30-94,3.0
34,2016-01-30-94,3.0
35,2016-01-30-94,3.0
36,2016-01-30-94,2.0
37,2016-01-30-94,50.0
38,2016-01-30-94,1.0
39,2016-01-30-94,1.0
40,2016-01-30-94,1.0
41,2016-01-30-94,1.0
42,2016-01-30-94,4.0
43,2016-01-30-94,1.0
44,2016-01-30-94,1.0
45,2016-01-30-94,1.0
46,2016-01-30-94,6.0
47,2016-01-30-94,1.0
48,2016-01-30-94,145.0
49,2016-01-30-94,1.0
50,2016-01-30-94,1.0
51,2016-01-30-94,342.0
52,2016-01-30-94,1.0
53,2016-01-30-94,1.0
54,2016-01-30-94,2.0
55,2016-01-30-94,1.0
56,2016-01-30-94,1.0
57,2016-01-30-94,1.0
58,2016-01-30-94,2.0
59,2016-01-30-94,1.0
60,2016-01-30-94,1.0
61,2016-01-30-94,1.0
62,2016-01-30-94,4.0
63,2016-01-30-94,1.0
64,2016-01-30-94,1.0
65,2016-01-30-94,2.0
66,2016-01-30-94,1.0
1,2016-01-30-106,7.0
2,2016-01-30-106,2.0
3,2016-01-30-106,1.0
4,2016-01-30-106,4.0
5,2016-01-30-106,1.0
6,2016-01-30-106,1.0
7,2016-01-30-106,43.0
8,2016-01-30-106,49.0
9,2016-01-30-106,2.0
10,2016-01-30-106,1.0
11,2016-01-30-106,2.0
12,2016-01-30-106,8.0
13,2016-01-30-106,1.0
14,2016-01-30-106,24.0
15,2016-01-30-106,1.0
16,2016-01-30-106,1.0
17,2016-01-30-106,1.0
18,2016-01-30-106,1.0
19,2016-01-30-106,3.0
20,2016-01-30-106,4.0
21,2016-01-30-106,3.0
22,2016-01-30-106,14.0
23,2016-01-30-106,38.0
24,2016-01-30-106,5.0
25,2016-01-30-106,2.0
26,2016-01-30-106,5.0
27,2016-01-30-106,10.0
28,2016-01-30-106,25.0
29,2016-01-30-106,1.0
30,2016-01-30-106,1.0
31,2016-01-30-106,5.0
32,2016-01-30-106,1.0
33,2016-01-30-106,1.0
34,2016-01-30-106,1.0
35,2016-01-30-106,1.0
36,2016-01-30-106,1.0
37,2016-01-30-106,12.0
38,2016-01-30-106,1.0
39,2016-01-30-106,1.0
40,2016-01-30-106,2.0
41,2016-01-30-106,1.0
42,2016-01-30-106,3.0
43,2016-01-30-106,1.0
44,2016-01-30-106,4.0
45,2016-01-30-106,1.0
46,2016-01-30-106,4.0
47,2016-01-30-106,1.0
48,2016-01-30-106,384.0
49,2016-01-30-106,1.0
50,2016-01-30-106,1.0
51,2016-01-30-106,283.0
52,2016-01-30-106,1.0
53,2016-01-30-106,1.0
54,2016-01-30-106,1.0
55,2016-01-30-106,1.0
56,2016-01-30-106,1.0
57,2016-01-30-106,1.0
58,2016-01-30-106,1.0
59,2016-01-30-106,2.0
60,2016-01-30-106,1.0
61,2016-01-30-106,1.0
62,2016-01-30-106,1.0
63,2016-01-30-106,1.0
64,2016-01-30-106,1.0
65,2016-01-30-106,1.0
66,2016-01-30-106,1.0
1,2016-01-30-118,6.0
2,2016-01-30-118,1.0
3,2016-01-30-118,1.0
4,2016-01-30-118,4.0
5,2016-01-30-118,1.0
6,2016-01-30-118,2.0
7,2016-01-30-118,6.0
8,2016-01-30-118,12.0
9,2016-01-30-118,2.0
10,2016-01-30-118,1.0
11,2016-01-30-118,1.0
12,2016-01-30-118,4.0
13,2016-01-30-118,1.0
14,2016-01-30-118,4.0
15,2016-01-30-118,1.0
16,2016-01-30-118,1.0
17,2016-01-30-118,1.0
18,2016-01-30-118,1.0
19,2016-01-30-118,3.0
20,2016-01-30-118,4.0
21,2016-01-30-118,3.0
22,2016-01-30-118,15.0
23,2016-01-30-118,8.0
24,2016-01-30-118,4.0
25,2016-01-30-118,2.0
26,2016-01-30-118,3.0
27,2016-01-30-118,7.0
28,2016-01-30-118,8.0
29,2016-01-30-118,2.0
30,2016-01-30-118,1.0
31,2016-01-30-118,1.0
32,2016-01-30-118,1.0
33,2016-01-30-118,1.0
34,2016-01-30-118,2.0
35,2016-01-30-118,2.0
36,2016-01-30-118,2.0
37,2016-01-30-118,4.0
38,2016-01-30-118,1.0
39,2016-01-30-118,1.0
40,2016-01-30-118,1.0
41,2016-01-30-118,2.0
42,2016-01-30-118,3.0
43,2016-01-30-118,1.0
44,2016-01-30-118,1.0
45,2016-01-30-118,2.0
46,2016-01-30-118,5.0
47,2016-01-30-118,2.0
48,2016-01-30-118,8.0
49,2016-01-30-118,2.0
50,2016-01-30-118,1.0
51,2016-01-30-118,24.0
52,2016-01-30-118,1.0
53,2016-01-30-118,1.0
54,2016-01-30-118,1.0
55,2016-01-30-118,1.0
56,2016-01-30-118,3.0
57,2016-01-30-118,1.0
58,2016-01-30-118,1.0
59,2016-01-30-118,1.0
60,2016-01-30-118,1.0
61,2016-01-30-118,1.0
62,2016-01-30-118,1.0
63,2016-01-30-118,1.0
64,2016-01-30-118,1.0
65,2016-01-30-118,2.0
66,2016-01-30-118,1.0
1,2016-01-30-130,8.0
2,2016-01-30-130,1.0
3,2016-01-30-130,3.0
4,2016-01-30-130,8.0
5,2016-01-30-130,1.0
6,2016-01-30-130,1.0
7,2016-01-30-130,46.0
8,2016-01-30-130,60.0
9,2016-01-30-130,1.0
10,2016-01-30-130,2.0
11,2016-01-30-130,1.0
12,2016-01-30-130,6.0
13,2016-01-30-130,1.0
14,2016-01-30-130,7.0
15,2016-01-30-130,1.0
16,2016-01-30-130,1.0
17,2016-01-30-130,1.0
18,2016-01-30-130,1.0
19,2016-01-30-130,1.0
20,2016-01-30-130,4.0
21,2016-01-30-130,2.0
22,2016-01-30-130,20.0
23,2016-01-30-130,40.0
24,2016-01-30-130,4.0
25,2016-01-30-130,1.0
26,2016-01-30-130,4.0
27,2016-01-30-130,8.0
28,2016-01-30-130,21.0
29,2016-01-30-130,1.0
30,2016-01-30-130,2.0
31,2016-01-30-130,1.0
32,2016-01-30-130,1.0
33,2016-01-30-130,1.0
34,2016-01-30-130,1.0
35,2016-01-30-130,1.0
36,2016-01-30-130,1.0
37,2016-01-30-130,7.0
38,2016-01-30-130,2.0
39,2016-01-30-130,2.0
40,2016-01-30-130,1.0
41,2016-01-30-130,1.0
42,2016-01-30-130,3.0
43,2016-01-30-130,2.0
44,2016-01-30-130,1.0
45,2016-01-30-130,1.0
46,2016-01-30-130,5.0
47,2016-01-30-130,1.0
48,2016-01-30-130,84.0
49,2016-01-30-130,2.0
50,2016-01-30-130,1.0
51,2016-01-30-130,930.0
52,2016-01-30-130,1.0
53,2016-01-30-130,1.0
54,2016-01-30-130,1.0
55,2016-01-30-130,1.0
56,2016-01-30-130,3.0
57,2016-01-30-130,1.0
58,2016-01-30-130,1.0
59,2016-01-30-130,1.0
60,2016-01-30-130,6.0
61,2016-01-30-130,1.0
62,2016-01-30-130,2.0
63,2016-01-30-130,1.0
64,2016-01-30-130,1.0
65,2016-01-30-130,1.0
66,2016-01-30-130,1.0
1,2016-01-30-142,13.0
2,2016-01-30-142,1.0
3,2016-01-30-142,1.0
4,2016-01-30-142,1.0
5,2016-01-30-142,1.0
6,2016-01-30-142,4.0
7,2016-01-30-142,4.0
8,2016-01-30-142,8.0
9,2016-01-30-142,1.0
10,2016-01-30-142,1.0
11,2016-01-30-142,1.0
12,2016-01-30-142,6.0
13,2016-01-30-142,1.0
14,2016-01-30-142,3.0
15,2016-01-30-142,1.0
16,2016-01-30-142,1.0
17,2016-01-30-142,1.0
18,2016-01-30-142,2.0
19,2016-01-30-142,2.0
20,2016-01-30-142,3.0
21,2016-01-30-142,1.0
22,2016-01-30-142,21.0
23,2016-01-30-142,19.0
24,2016-01-30-142,3.0
25,2016-01-30-142,2.0
26,2016-01-30-142,1.0
27,2016-01-30-142,5.0
28,2016-01-30-142,7.0
29,2016-01-30-142,1.0
30,2016-01-30-142,1.0
31,2016-01-30-142,1.0
32,2016-01-30-142,1.0
33,2016-01-30-142,1.0
34,2016-01-30-142,1.0
35,2016-01-30-142,1.0
36,2016-01-30-142,1.0
37,2016-01-30-142,4.0
38,2016-01-30-142,1.0
39,2016-01-30-142,2.0
40,2016-01-30-142,1.0
41,2016-01-30-142,2.0
42,2016-01-30-142,2.0
43,2016-01-30-142,1.0
44,2016-01-30-142,1.0
45,2016-01-30-142,2.0
46,2016-01-30-142,3.0
47,2016-01-30-142,3.0
48,2016-01-30-142,13.0
49,2016-01-30-142,1.0
50,2016-01-30-142,1.0
51,2016-01-30-142,192.0
52,2016-01-30-142,1.0
53,2016-01-30-142,1.0
54,2016-01-30-142,1.0
55,2016-01-30-142,1.0
56,2016-01-30-142,1.0
57,2016-01-30-142,1.0
58,2016-01-30-142,1.0
59,2016-01-30-142,1.0
60,2016-01-30-142,1.0
61,2016-01-30-142,1.0
62,2016-01-30-142,1.0
63,2016-01-30-142,1.0
64,2016-01-30-142,1.0
65,2016-01-30-142,1.0
66,2016-01-30-142,1.0
